id,type,src,dst,app,latency,message,ctime,size,buffer
1,LINK,4,1,water_pipe_control,10.0005,sensor_to_cloudlet,100,10000,0
2,LINK,5,1,water_pipe_control,10.0005,sensor_to_cloudlet,100,10000,1
3,LINK,6,1,water_pipe_control,10.0005,sensor_to_cloudlet,100,10000,2
4,LINK,7,2,water_pipe_control,10.0005,sensor_to_cloudlet,100,10000,3
5,LINK,8,2,water_pipe_control,10.0005,sensor_to_cloudlet,100,10000,4
6,LINK,9,2,water_pipe_control,10.0005,sensor_to_cloudlet,100,10000,5
7,LINK,10,3,water_pipe_control,10.0005,sensor_to_cloudlet,100,10000,6
8,LINK,11,3,water_pipe_control,10.0005,sensor_to_cloudlet,100,10000,7
9,LINK,12,3,water_pipe_control,10.0005,sensor_to_cloudlet,100,10000,8
1,LINK,1,4,water_pipe_control,10.00025,cloudlet_to_valve,115.0005,5000,0
1,LINK,1,0,water_pipe_control,6.0,cloudlet_to_cloud,115.0005,20000000,1
4,LINK,2,7,water_pipe_control,10.00025,cloudlet_to_valve,115.0005,5000,2
4,LINK,2,0,water_pipe_control,6.0,cloudlet_to_cloud,115.0005,20000000,3
7,LINK,3,10,water_pipe_control,10.00025,cloudlet_to_valve,115.0005,5000,4
7,LINK,3,0,water_pipe_control,6.0,cloudlet_to_cloud,115.0005,20000000,5
2,LINK,1,4,water_pipe_control,10.00025,cloudlet_to_valve,120.0005,5000,6
2,LINK,1,0,water_pipe_control,6.0,cloudlet_to_cloud,120.0005,20000000,7
5,LINK,2,7,water_pipe_control,10.00025,cloudlet_to_valve,120.0005,5000,8
5,LINK,2,0,water_pipe_control,6.0,cloudlet_to_cloud,120.0005,20000000,9
8,LINK,3,10,water_pipe_control,10.00025,cloudlet_to_valve,120.0005,5000,10
8,LINK,3,0,water_pipe_control,6.0,cloudlet_to_cloud,120.0005,20000000,11
3,LINK,1,4,water_pipe_control,10.00025,cloudlet_to_valve,125.0005,5000,9
3,LINK,1,0,water_pipe_control,6.0,cloudlet_to_cloud,125.0005,20000000,10
6,LINK,2,7,water_pipe_control,10.00025,cloudlet_to_valve,125.0005,5000,11
6,LINK,2,0,water_pipe_control,6.0,cloudlet_to_cloud,125.0005,20000000,12
9,LINK,3,10,water_pipe_control,10.00025,cloudlet_to_valve,125.0005,5000,13
9,LINK,3,0,water_pipe_control,6.0,cloudlet_to_cloud,125.0005,20000000,14
10,LINK,4,1,water_pipe_control,10.0005,sensor_to_cloudlet,200,10000,0
11,LINK,5,1,water_pipe_control,10.0005,sensor_to_cloudlet,200,10000,1
12,LINK,6,1,water_pipe_control,10.0005,sensor_to_cloudlet,200,10000,2
13,LINK,7,2,water_pipe_control,10.0005,sensor_to_cloudlet,200,10000,3
14,LINK,8,2,water_pipe_control,10.0005,sensor_to_cloudlet,200,10000,4
15,LINK,9,2,water_pipe_control,10.0005,sensor_to_cloudlet,200,10000,5
16,LINK,10,3,water_pipe_control,10.0005,sensor_to_cloudlet,200,10000,6
17,LINK,11,3,water_pipe_control,10.0005,sensor_to_cloudlet,200,10000,7
18,LINK,12,3,water_pipe_control,10.0005,sensor_to_cloudlet,200,10000,8
10,LINK,1,4,water_pipe_control,10.00025,cloudlet_to_valve,215.0005,5000,0
10,LINK,1,0,water_pipe_control,6.0,cloudlet_to_cloud,215.0005,20000000,1
13,LINK,2,7,water_pipe_control,10.00025,cloudlet_to_valve,215.0005,5000,2
13,LINK,2,0,water_pipe_control,6.0,cloudlet_to_cloud,215.0005,20000000,3
16,LINK,3,10,water_pipe_control,10.00025,cloudlet_to_valve,215.0005,5000,4
16,LINK,3,0,water_pipe_control,6.0,cloudlet_to_cloud,215.0005,20000000,5
11,LINK,1,4,water_pipe_control,10.00025,cloudlet_to_valve,220.0005,5000,6
11,LINK,1,0,water_pipe_control,6.0,cloudlet_to_cloud,220.0005,20000000,7
14,LINK,2,7,water_pipe_control,10.00025,cloudlet_to_valve,220.0005,5000,8
14,LINK,2,0,water_pipe_control,6.0,cloudlet_to_cloud,220.0005,20000000,9
17,LINK,3,10,water_pipe_control,10.00025,cloudlet_to_valve,220.0005,5000,10
17,LINK,3,0,water_pipe_control,6.0,cloudlet_to_cloud,220.0005,20000000,11
12,LINK,1,4,water_pipe_control,10.00025,cloudlet_to_valve,225.0005,5000,9
12,LINK,1,0,water_pipe_control,6.0,cloudlet_to_cloud,225.0005,20000000,10
15,LINK,2,7,water_pipe_control,10.00025,cloudlet_to_valve,225.0005,5000,11
15,LINK,2,0,water_pipe_control,6.0,cloudlet_to_cloud,225.0005,20000000,12
18,LINK,3,10,water_pipe_control,10.00025,cloudlet_to_valve,225.0005,5000,13
18,LINK,3,0,water_pipe_control,6.0,cloudlet_to_cloud,225.0005,20000000,14
19,LINK,4,1,water_pipe_control,10.0005,sensor_to_cloudlet,300,10000,0
20,LINK,5,1,water_pipe_control,10.0005,sensor_to_cloudlet,300,10000,1
21,LINK,6,1,water_pipe_control,10.0005,sensor_to_cloudlet,300,10000,2
22,LINK,7,2,water_pipe_control,10.0005,sensor_to_cloudlet,300,10000,3
23,LINK,8,2,water_pipe_control,10.0005,sensor_to_cloudlet,300,10000,4
24,LINK,9,2,water_pipe_control,10.0005,sensor_to_cloudlet,300,10000,5
25,LINK,10,3,water_pipe_control,10.0005,sensor_to_cloudlet,300,10000,6
26,LINK,11,3,water_pipe_control,10.0005,sensor_to_cloudlet,300,10000,7
27,LINK,12,3,water_pipe_control,10.0005,sensor_to_cloudlet,300,10000,8
19,LINK,1,4,water_pipe_control,10.00025,cloudlet_to_valve,315.0005,5000,0
19,LINK,1,0,water_pipe_control,6.0,cloudlet_to_cloud,315.0005,20000000,1
22,LINK,2,7,water_pipe_control,10.00025,cloudlet_to_valve,315.0005,5000,2
22,LINK,2,0,water_pipe_control,6.0,cloudlet_to_cloud,315.0005,20000000,3
25,LINK,3,10,water_pipe_control,10.00025,cloudlet_to_valve,315.0005,5000,4
25,LINK,3,0,water_pipe_control,6.0,cloudlet_to_cloud,315.0005,20000000,5
20,LINK,1,4,water_pipe_control,10.00025,cloudlet_to_valve,320.0005,5000,6
20,LINK,1,0,water_pipe_control,6.0,cloudlet_to_cloud,320.0005,20000000,7
23,LINK,2,7,water_pipe_control,10.00025,cloudlet_to_valve,320.0005,5000,8
23,LINK,2,0,water_pipe_control,6.0,cloudlet_to_cloud,320.0005,20000000,9
26,LINK,3,10,water_pipe_control,10.00025,cloudlet_to_valve,320.0005,5000,10
26,LINK,3,0,water_pipe_control,6.0,cloudlet_to_cloud,320.0005,20000000,11
21,LINK,1,4,water_pipe_control,10.00025,cloudlet_to_valve,325.0005,5000,9
21,LINK,1,0,water_pipe_control,6.0,cloudlet_to_cloud,325.0005,20000000,10
24,LINK,2,7,water_pipe_control,10.00025,cloudlet_to_valve,325.0005,5000,11
24,LINK,2,0,water_pipe_control,6.0,cloudlet_to_cloud,325.0005,20000000,12
27,LINK,3,10,water_pipe_control,10.00025,cloudlet_to_valve,325.0005,5000,13
27,LINK,3,0,water_pipe_control,6.0,cloudlet_to_cloud,325.0005,20000000,14
28,LINK,4,1,water_pipe_control,10.0005,sensor_to_cloudlet,400,10000,0
29,LINK,5,1,water_pipe_control,10.0005,sensor_to_cloudlet,400,10000,1
30,LINK,6,1,water_pipe_control,10.0005,sensor_to_cloudlet,400,10000,2
31,LINK,7,2,water_pipe_control,10.0005,sensor_to_cloudlet,400,10000,3
32,LINK,8,2,water_pipe_control,10.0005,sensor_to_cloudlet,400,10000,4
33,LINK,9,2,water_pipe_control,10.0005,sensor_to_cloudlet,400,10000,5
34,LINK,10,3,water_pipe_control,10.0005,sensor_to_cloudlet,400,10000,6
35,LINK,11,3,water_pipe_control,10.0005,sensor_to_cloudlet,400,10000,7
36,LINK,12,3,water_pipe_control,10.0005,sensor_to_cloudlet,400,10000,8
28,LINK,1,4,water_pipe_control,10.00025,cloudlet_to_valve,415.0005,5000,0
28,LINK,1,0,water_pipe_control,6.0,cloudlet_to_cloud,415.0005,20000000,1
31,LINK,2,7,water_pipe_control,10.00025,cloudlet_to_valve,415.0005,5000,2
31,LINK,2,0,water_pipe_control,6.0,cloudlet_to_cloud,415.0005,20000000,3
34,LINK,3,10,water_pipe_control,10.00025,cloudlet_to_valve,415.0005,5000,4
34,LINK,3,0,water_pipe_control,6.0,cloudlet_to_cloud,415.0005,20000000,5
29,LINK,1,4,water_pipe_control,10.00025,cloudlet_to_valve,420.0005,5000,6
29,LINK,1,0,water_pipe_control,6.0,cloudlet_to_cloud,420.0005,20000000,7
32,LINK,2,7,water_pipe_control,10.00025,cloudlet_to_valve,420.0005,5000,8
32,LINK,2,0,water_pipe_control,6.0,cloudlet_to_cloud,420.0005,20000000,9
35,LINK,3,10,water_pipe_control,10.00025,cloudlet_to_valve,420.0005,5000,10
35,LINK,3,0,water_pipe_control,6.0,cloudlet_to_cloud,420.0005,20000000,11
30,LINK,1,4,water_pipe_control,10.00025,cloudlet_to_valve,425.0005,5000,9
30,LINK,1,0,water_pipe_control,6.0,cloudlet_to_cloud,425.0005,20000000,10
33,LINK,2,7,water_pipe_control,10.00025,cloudlet_to_valve,425.0005,5000,11
33,LINK,2,0,water_pipe_control,6.0,cloudlet_to_cloud,425.0005,20000000,12
36,LINK,3,10,water_pipe_control,10.00025,cloudlet_to_valve,425.0005,5000,13
36,LINK,3,0,water_pipe_control,6.0,cloudlet_to_cloud,425.0005,20000000,14
37,LINK,4,1,water_pipe_control,10.0005,sensor_to_cloudlet,500,10000,0
38,LINK,5,1,water_pipe_control,10.0005,sensor_to_cloudlet,500,10000,1
39,LINK,6,1,water_pipe_control,10.0005,sensor_to_cloudlet,500,10000,2
40,LINK,7,2,water_pipe_control,10.0005,sensor_to_cloudlet,500,10000,3
41,LINK,8,2,water_pipe_control,10.0005,sensor_to_cloudlet,500,10000,4
42,LINK,9,2,water_pipe_control,10.0005,sensor_to_cloudlet,500,10000,5
43,LINK,10,3,water_pipe_control,10.0005,sensor_to_cloudlet,500,10000,6
44,LINK,11,3,water_pipe_control,10.0005,sensor_to_cloudlet,500,10000,7
45,LINK,12,3,water_pipe_control,10.0005,sensor_to_cloudlet,500,10000,8
37,LINK,1,4,water_pipe_control,10.00025,cloudlet_to_valve,515.0005,5000,0
37,LINK,1,0,water_pipe_control,6.0,cloudlet_to_cloud,515.0005,20000000,1
40,LINK,2,7,water_pipe_control,10.00025,cloudlet_to_valve,515.0005,5000,2
40,LINK,2,0,water_pipe_control,6.0,cloudlet_to_cloud,515.0005,20000000,3
43,LINK,3,10,water_pipe_control,10.00025,cloudlet_to_valve,515.0005,5000,4
43,LINK,3,0,water_pipe_control,6.0,cloudlet_to_cloud,515.0005,20000000,5
38,LINK,1,4,water_pipe_control,10.00025,cloudlet_to_valve,520.0005,5000,6
38,LINK,1,0,water_pipe_control,6.0,cloudlet_to_cloud,520.0005,20000000,7
41,LINK,2,7,water_pipe_control,10.00025,cloudlet_to_valve,520.0005,5000,8
41,LINK,2,0,water_pipe_control,6.0,cloudlet_to_cloud,520.0005,20000000,9
44,LINK,3,10,water_pipe_control,10.00025,cloudlet_to_valve,520.0005,5000,10
44,LINK,3,0,water_pipe_control,6.0,cloudlet_to_cloud,520.0005,20000000,11
39,LINK,1,4,water_pipe_control,10.00025,cloudlet_to_valve,525.0005,5000,9
39,LINK,1,0,water_pipe_control,6.0,cloudlet_to_cloud,525.0005,20000000,10
42,LINK,2,7,water_pipe_control,10.00025,cloudlet_to_valve,525.0005,5000,11
42,LINK,2,0,water_pipe_control,6.0,cloudlet_to_cloud,525.0005,20000000,12
45,LINK,3,10,water_pipe_control,10.00025,cloudlet_to_valve,525.0005,5000,13
45,LINK,3,0,water_pipe_control,6.0,cloudlet_to_cloud,525.0005,20000000,14
46,LINK,4,1,water_pipe_control,10.0005,sensor_to_cloudlet,600,10000,0
47,LINK,5,1,water_pipe_control,10.0005,sensor_to_cloudlet,600,10000,1
48,LINK,6,1,water_pipe_control,10.0005,sensor_to_cloudlet,600,10000,2
49,LINK,7,2,water_pipe_control,10.0005,sensor_to_cloudlet,600,10000,3
50,LINK,8,2,water_pipe_control,10.0005,sensor_to_cloudlet,600,10000,4
51,LINK,9,2,water_pipe_control,10.0005,sensor_to_cloudlet,600,10000,5
52,LINK,10,3,water_pipe_control,10.0005,sensor_to_cloudlet,600,10000,6
53,LINK,11,3,water_pipe_control,10.0005,sensor_to_cloudlet,600,10000,7
54,LINK,12,3,water_pipe_control,10.0005,sensor_to_cloudlet,600,10000,8
46,LINK,1,4,water_pipe_control,10.00025,cloudlet_to_valve,615.0005,5000,0
46,LINK,1,0,water_pipe_control,6.0,cloudlet_to_cloud,615.0005,20000000,1
49,LINK,2,7,water_pipe_control,10.00025,cloudlet_to_valve,615.0005,5000,2
49,LINK,2,0,water_pipe_control,6.0,cloudlet_to_cloud,615.0005,20000000,3
52,LINK,3,10,water_pipe_control,10.00025,cloudlet_to_valve,615.0005,5000,4
52,LINK,3,0,water_pipe_control,6.0,cloudlet_to_cloud,615.0005,20000000,5
47,LINK,1,4,water_pipe_control,10.00025,cloudlet_to_valve,620.0005,5000,6
47,LINK,1,0,water_pipe_control,6.0,cloudlet_to_cloud,620.0005,20000000,7
50,LINK,2,7,water_pipe_control,10.00025,cloudlet_to_valve,620.0005,5000,8
50,LINK,2,0,water_pipe_control,6.0,cloudlet_to_cloud,620.0005,20000000,9
53,LINK,3,10,water_pipe_control,10.00025,cloudlet_to_valve,620.0005,5000,10
53,LINK,3,0,water_pipe_control,6.0,cloudlet_to_cloud,620.0005,20000000,11
48,LINK,1,4,water_pipe_control,10.00025,cloudlet_to_valve,625.0005,5000,9
48,LINK,1,0,water_pipe_control,6.0,cloudlet_to_cloud,625.0005,20000000,10
51,LINK,2,7,water_pipe_control,10.00025,cloudlet_to_valve,625.0005,5000,11
51,LINK,2,0,water_pipe_control,6.0,cloudlet_to_cloud,625.0005,20000000,12
54,LINK,3,10,water_pipe_control,10.00025,cloudlet_to_valve,625.0005,5000,13
54,LINK,3,0,water_pipe_control,6.0,cloudlet_to_cloud,625.0005,20000000,14
55,LINK,4,1,water_pipe_control,10.0005,sensor_to_cloudlet,700,10000,0
56,LINK,5,1,water_pipe_control,10.0005,sensor_to_cloudlet,700,10000,1
57,LINK,6,1,water_pipe_control,10.0005,sensor_to_cloudlet,700,10000,2
58,LINK,7,2,water_pipe_control,10.0005,sensor_to_cloudlet,700,10000,3
59,LINK,8,2,water_pipe_control,10.0005,sensor_to_cloudlet,700,10000,4
60,LINK,9,2,water_pipe_control,10.0005,sensor_to_cloudlet,700,10000,5
61,LINK,10,3,water_pipe_control,10.0005,sensor_to_cloudlet,700,10000,6
62,LINK,11,3,water_pipe_control,10.0005,sensor_to_cloudlet,700,10000,7
63,LINK,12,3,water_pipe_control,10.0005,sensor_to_cloudlet,700,10000,8
55,LINK,1,4,water_pipe_control,10.00025,cloudlet_to_valve,715.0005,5000,0
55,LINK,1,0,water_pipe_control,6.0,cloudlet_to_cloud,715.0005,20000000,1
58,LINK,2,7,water_pipe_control,10.00025,cloudlet_to_valve,715.0005,5000,2
58,LINK,2,0,water_pipe_control,6.0,cloudlet_to_cloud,715.0005,20000000,3
61,LINK,3,10,water_pipe_control,10.00025,cloudlet_to_valve,715.0005,5000,4
61,LINK,3,0,water_pipe_control,6.0,cloudlet_to_cloud,715.0005,20000000,5
56,LINK,1,4,water_pipe_control,10.00025,cloudlet_to_valve,720.0005,5000,6
56,LINK,1,0,water_pipe_control,6.0,cloudlet_to_cloud,720.0005,20000000,7
59,LINK,2,7,water_pipe_control,10.00025,cloudlet_to_valve,720.0005,5000,8
59,LINK,2,0,water_pipe_control,6.0,cloudlet_to_cloud,720.0005,20000000,9
62,LINK,3,10,water_pipe_control,10.00025,cloudlet_to_valve,720.0005,5000,10
62,LINK,3,0,water_pipe_control,6.0,cloudlet_to_cloud,720.0005,20000000,11
57,LINK,1,4,water_pipe_control,10.00025,cloudlet_to_valve,725.0005,5000,9
57,LINK,1,0,water_pipe_control,6.0,cloudlet_to_cloud,725.0005,20000000,10
60,LINK,2,7,water_pipe_control,10.00025,cloudlet_to_valve,725.0005,5000,11
60,LINK,2,0,water_pipe_control,6.0,cloudlet_to_cloud,725.0005,20000000,12
63,LINK,3,10,water_pipe_control,10.00025,cloudlet_to_valve,725.0005,5000,13
63,LINK,3,0,water_pipe_control,6.0,cloudlet_to_cloud,725.0005,20000000,14
64,LINK,4,1,water_pipe_control,10.0005,sensor_to_cloudlet,800,10000,0
65,LINK,5,1,water_pipe_control,10.0005,sensor_to_cloudlet,800,10000,1
66,LINK,6,1,water_pipe_control,10.0005,sensor_to_cloudlet,800,10000,2
67,LINK,7,2,water_pipe_control,10.0005,sensor_to_cloudlet,800,10000,3
68,LINK,8,2,water_pipe_control,10.0005,sensor_to_cloudlet,800,10000,4
69,LINK,9,2,water_pipe_control,10.0005,sensor_to_cloudlet,800,10000,5
70,LINK,10,3,water_pipe_control,10.0005,sensor_to_cloudlet,800,10000,6
71,LINK,11,3,water_pipe_control,10.0005,sensor_to_cloudlet,800,10000,7
72,LINK,12,3,water_pipe_control,10.0005,sensor_to_cloudlet,800,10000,8
64,LINK,1,4,water_pipe_control,10.00025,cloudlet_to_valve,815.0005,5000,0
64,LINK,1,0,water_pipe_control,6.0,cloudlet_to_cloud,815.0005,20000000,1
67,LINK,2,7,water_pipe_control,10.00025,cloudlet_to_valve,815.0005,5000,2
67,LINK,2,0,water_pipe_control,6.0,cloudlet_to_cloud,815.0005,20000000,3
70,LINK,3,10,water_pipe_control,10.00025,cloudlet_to_valve,815.0005,5000,4
70,LINK,3,0,water_pipe_control,6.0,cloudlet_to_cloud,815.0005,20000000,5
65,LINK,1,4,water_pipe_control,10.00025,cloudlet_to_valve,820.0005,5000,6
65,LINK,1,0,water_pipe_control,6.0,cloudlet_to_cloud,820.0005,20000000,7
68,LINK,2,7,water_pipe_control,10.00025,cloudlet_to_valve,820.0005,5000,8
68,LINK,2,0,water_pipe_control,6.0,cloudlet_to_cloud,820.0005,20000000,9
71,LINK,3,10,water_pipe_control,10.00025,cloudlet_to_valve,820.0005,5000,10
71,LINK,3,0,water_pipe_control,6.0,cloudlet_to_cloud,820.0005,20000000,11
66,LINK,1,4,water_pipe_control,10.00025,cloudlet_to_valve,825.0005,5000,9
66,LINK,1,0,water_pipe_control,6.0,cloudlet_to_cloud,825.0005,20000000,10
69,LINK,2,7,water_pipe_control,10.00025,cloudlet_to_valve,825.0005,5000,11
69,LINK,2,0,water_pipe_control,6.0,cloudlet_to_cloud,825.0005,20000000,12
72,LINK,3,10,water_pipe_control,10.00025,cloudlet_to_valve,825.0005,5000,13
72,LINK,3,0,water_pipe_control,6.0,cloudlet_to_cloud,825.0005,20000000,14
73,LINK,4,1,water_pipe_control,10.0005,sensor_to_cloudlet,900,10000,0
74,LINK,5,1,water_pipe_control,10.0005,sensor_to_cloudlet,900,10000,1
75,LINK,6,1,water_pipe_control,10.0005,sensor_to_cloudlet,900,10000,2
76,LINK,7,2,water_pipe_control,10.0005,sensor_to_cloudlet,900,10000,3
77,LINK,8,2,water_pipe_control,10.0005,sensor_to_cloudlet,900,10000,4
78,LINK,9,2,water_pipe_control,10.0005,sensor_to_cloudlet,900,10000,5
79,LINK,10,3,water_pipe_control,10.0005,sensor_to_cloudlet,900,10000,6
80,LINK,11,3,water_pipe_control,10.0005,sensor_to_cloudlet,900,10000,7
81,LINK,12,3,water_pipe_control,10.0005,sensor_to_cloudlet,900,10000,8
73,LINK,1,4,water_pipe_control,10.00025,cloudlet_to_valve,915.0005,5000,0
73,LINK,1,0,water_pipe_control,6.0,cloudlet_to_cloud,915.0005,20000000,1
76,LINK,2,7,water_pipe_control,10.00025,cloudlet_to_valve,915.0005,5000,2
76,LINK,2,0,water_pipe_control,6.0,cloudlet_to_cloud,915.0005,20000000,3
79,LINK,3,10,water_pipe_control,10.00025,cloudlet_to_valve,915.0005,5000,4
79,LINK,3,0,water_pipe_control,6.0,cloudlet_to_cloud,915.0005,20000000,5
74,LINK,1,4,water_pipe_control,10.00025,cloudlet_to_valve,920.0005,5000,6
74,LINK,1,0,water_pipe_control,6.0,cloudlet_to_cloud,920.0005,20000000,7
77,LINK,2,7,water_pipe_control,10.00025,cloudlet_to_valve,920.0005,5000,8
77,LINK,2,0,water_pipe_control,6.0,cloudlet_to_cloud,920.0005,20000000,9
80,LINK,3,10,water_pipe_control,10.00025,cloudlet_to_valve,920.0005,5000,10
80,LINK,3,0,water_pipe_control,6.0,cloudlet_to_cloud,920.0005,20000000,11
75,LINK,1,4,water_pipe_control,10.00025,cloudlet_to_valve,925.0005,5000,9
75,LINK,1,0,water_pipe_control,6.0,cloudlet_to_cloud,925.0005,20000000,10
78,LINK,2,7,water_pipe_control,10.00025,cloudlet_to_valve,925.0005,5000,11
78,LINK,2,0,water_pipe_control,6.0,cloudlet_to_cloud,925.0005,20000000,12
81,LINK,3,10,water_pipe_control,10.00025,cloudlet_to_valve,925.0005,5000,13
81,LINK,3,0,water_pipe_control,6.0,cloudlet_to_cloud,925.0005,20000000,14
82,LINK,4,1,water_pipe_control,10.0005,sensor_to_cloudlet,1000,10000,0
83,LINK,5,1,water_pipe_control,10.0005,sensor_to_cloudlet,1000,10000,1
84,LINK,6,1,water_pipe_control,10.0005,sensor_to_cloudlet,1000,10000,2
85,LINK,7,2,water_pipe_control,10.0005,sensor_to_cloudlet,1000,10000,3
86,LINK,8,2,water_pipe_control,10.0005,sensor_to_cloudlet,1000,10000,4
87,LINK,9,2,water_pipe_control,10.0005,sensor_to_cloudlet,1000,10000,5
88,LINK,10,3,water_pipe_control,10.0005,sensor_to_cloudlet,1000,10000,6
89,LINK,11,3,water_pipe_control,10.0005,sensor_to_cloudlet,1000,10000,7
90,LINK,12,3,water_pipe_control,10.0005,sensor_to_cloudlet,1000,10000,8
82,LINK,1,4,water_pipe_control,10.00025,cloudlet_to_valve,1015.0005,5000,0
82,LINK,1,0,water_pipe_control,6.0,cloudlet_to_cloud,1015.0005,20000000,1
85,LINK,2,7,water_pipe_control,10.00025,cloudlet_to_valve,1015.0005,5000,2
85,LINK,2,0,water_pipe_control,6.0,cloudlet_to_cloud,1015.0005,20000000,3
88,LINK,3,10,water_pipe_control,10.00025,cloudlet_to_valve,1015.0005,5000,4
88,LINK,3,0,water_pipe_control,6.0,cloudlet_to_cloud,1015.0005,20000000,5
83,LINK,1,4,water_pipe_control,10.00025,cloudlet_to_valve,1020.0005,5000,6
83,LINK,1,0,water_pipe_control,6.0,cloudlet_to_cloud,1020.0005,20000000,7
86,LINK,2,7,water_pipe_control,10.00025,cloudlet_to_valve,1020.0005,5000,8
86,LINK,2,0,water_pipe_control,6.0,cloudlet_to_cloud,1020.0005,20000000,9
89,LINK,3,10,water_pipe_control,10.00025,cloudlet_to_valve,1020.0005,5000,10
89,LINK,3,0,water_pipe_control,6.0,cloudlet_to_cloud,1020.0005,20000000,11
84,LINK,1,4,water_pipe_control,10.00025,cloudlet_to_valve,1025.0005,5000,9
84,LINK,1,0,water_pipe_control,6.0,cloudlet_to_cloud,1025.0005,20000000,10
87,LINK,2,7,water_pipe_control,10.00025,cloudlet_to_valve,1025.0005,5000,11
87,LINK,2,0,water_pipe_control,6.0,cloudlet_to_cloud,1025.0005,20000000,12
90,LINK,3,10,water_pipe_control,10.00025,cloudlet_to_valve,1025.0005,5000,13
90,LINK,3,0,water_pipe_control,6.0,cloudlet_to_cloud,1025.0005,20000000,14
91,LINK,4,1,water_pipe_control,10.0005,sensor_to_cloudlet,1100,10000,0
92,LINK,5,1,water_pipe_control,10.0005,sensor_to_cloudlet,1100,10000,1
93,LINK,6,1,water_pipe_control,10.0005,sensor_to_cloudlet,1100,10000,2
94,LINK,7,2,water_pipe_control,10.0005,sensor_to_cloudlet,1100,10000,3
95,LINK,8,2,water_pipe_control,10.0005,sensor_to_cloudlet,1100,10000,4
96,LINK,9,2,water_pipe_control,10.0005,sensor_to_cloudlet,1100,10000,5
97,LINK,10,3,water_pipe_control,10.0005,sensor_to_cloudlet,1100,10000,6
98,LINK,11,3,water_pipe_control,10.0005,sensor_to_cloudlet,1100,10000,7
99,LINK,12,3,water_pipe_control,10.0005,sensor_to_cloudlet,1100,10000,8
91,LINK,1,4,water_pipe_control,10.00025,cloudlet_to_valve,1115.0005,5000,0
91,LINK,1,0,water_pipe_control,6.0,cloudlet_to_cloud,1115.0005,20000000,1
94,LINK,2,7,water_pipe_control,10.00025,cloudlet_to_valve,1115.0005,5000,2
94,LINK,2,0,water_pipe_control,6.0,cloudlet_to_cloud,1115.0005,20000000,3
97,LINK,3,10,water_pipe_control,10.00025,cloudlet_to_valve,1115.0005,5000,4
97,LINK,3,0,water_pipe_control,6.0,cloudlet_to_cloud,1115.0005,20000000,5
92,LINK,1,4,water_pipe_control,10.00025,cloudlet_to_valve,1120.0005,5000,6
92,LINK,1,0,water_pipe_control,6.0,cloudlet_to_cloud,1120.0005,20000000,7
95,LINK,2,7,water_pipe_control,10.00025,cloudlet_to_valve,1120.0005,5000,8
95,LINK,2,0,water_pipe_control,6.0,cloudlet_to_cloud,1120.0005,20000000,9
98,LINK,3,10,water_pipe_control,10.00025,cloudlet_to_valve,1120.0005,5000,10
98,LINK,3,0,water_pipe_control,6.0,cloudlet_to_cloud,1120.0005,20000000,11
93,LINK,1,4,water_pipe_control,10.00025,cloudlet_to_valve,1125.0005,5000,9
93,LINK,1,0,water_pipe_control,6.0,cloudlet_to_cloud,1125.0005,20000000,10
96,LINK,2,7,water_pipe_control,10.00025,cloudlet_to_valve,1125.0005,5000,11
96,LINK,2,0,water_pipe_control,6.0,cloudlet_to_cloud,1125.0005,20000000,12
99,LINK,3,10,water_pipe_control,10.00025,cloudlet_to_valve,1125.0005,5000,13
99,LINK,3,0,water_pipe_control,6.0,cloudlet_to_cloud,1125.0005,20000000,14
100,LINK,4,1,water_pipe_control,10.0005,sensor_to_cloudlet,1200,10000,0
101,LINK,5,1,water_pipe_control,10.0005,sensor_to_cloudlet,1200,10000,1
102,LINK,6,1,water_pipe_control,10.0005,sensor_to_cloudlet,1200,10000,2
103,LINK,7,2,water_pipe_control,10.0005,sensor_to_cloudlet,1200,10000,3
104,LINK,8,2,water_pipe_control,10.0005,sensor_to_cloudlet,1200,10000,4
105,LINK,9,2,water_pipe_control,10.0005,sensor_to_cloudlet,1200,10000,5
106,LINK,10,3,water_pipe_control,10.0005,sensor_to_cloudlet,1200,10000,6
107,LINK,11,3,water_pipe_control,10.0005,sensor_to_cloudlet,1200,10000,7
108,LINK,12,3,water_pipe_control,10.0005,sensor_to_cloudlet,1200,10000,8
100,LINK,1,4,water_pipe_control,10.00025,cloudlet_to_valve,1215.0005,5000,0
100,LINK,1,0,water_pipe_control,6.0,cloudlet_to_cloud,1215.0005,20000000,1
103,LINK,2,7,water_pipe_control,10.00025,cloudlet_to_valve,1215.0005,5000,2
103,LINK,2,0,water_pipe_control,6.0,cloudlet_to_cloud,1215.0005,20000000,3
106,LINK,3,10,water_pipe_control,10.00025,cloudlet_to_valve,1215.0005,5000,4
106,LINK,3,0,water_pipe_control,6.0,cloudlet_to_cloud,1215.0005,20000000,5
101,LINK,1,4,water_pipe_control,10.00025,cloudlet_to_valve,1220.0005,5000,6
101,LINK,1,0,water_pipe_control,6.0,cloudlet_to_cloud,1220.0005,20000000,7
104,LINK,2,7,water_pipe_control,10.00025,cloudlet_to_valve,1220.0005,5000,8
104,LINK,2,0,water_pipe_control,6.0,cloudlet_to_cloud,1220.0005,20000000,9
107,LINK,3,10,water_pipe_control,10.00025,cloudlet_to_valve,1220.0005,5000,10
107,LINK,3,0,water_pipe_control,6.0,cloudlet_to_cloud,1220.0005,20000000,11
102,LINK,1,4,water_pipe_control,10.00025,cloudlet_to_valve,1225.0005,5000,9
102,LINK,1,0,water_pipe_control,6.0,cloudlet_to_cloud,1225.0005,20000000,10
105,LINK,2,7,water_pipe_control,10.00025,cloudlet_to_valve,1225.0005,5000,11
105,LINK,2,0,water_pipe_control,6.0,cloudlet_to_cloud,1225.0005,20000000,12
108,LINK,3,10,water_pipe_control,10.00025,cloudlet_to_valve,1225.0005,5000,13
108,LINK,3,0,water_pipe_control,6.0,cloudlet_to_cloud,1225.0005,20000000,14
109,LINK,4,1,water_pipe_control,10.0005,sensor_to_cloudlet,1300,10000,0
110,LINK,5,1,water_pipe_control,10.0005,sensor_to_cloudlet,1300,10000,1
111,LINK,6,1,water_pipe_control,10.0005,sensor_to_cloudlet,1300,10000,2
112,LINK,7,2,water_pipe_control,10.0005,sensor_to_cloudlet,1300,10000,3
113,LINK,8,2,water_pipe_control,10.0005,sensor_to_cloudlet,1300,10000,4
114,LINK,9,2,water_pipe_control,10.0005,sensor_to_cloudlet,1300,10000,5
115,LINK,10,3,water_pipe_control,10.0005,sensor_to_cloudlet,1300,10000,6
116,LINK,11,3,water_pipe_control,10.0005,sensor_to_cloudlet,1300,10000,7
117,LINK,12,3,water_pipe_control,10.0005,sensor_to_cloudlet,1300,10000,8
109,LINK,1,4,water_pipe_control,10.00025,cloudlet_to_valve,1315.0005,5000,0
109,LINK,1,0,water_pipe_control,6.0,cloudlet_to_cloud,1315.0005,20000000,1
112,LINK,2,7,water_pipe_control,10.00025,cloudlet_to_valve,1315.0005,5000,2
112,LINK,2,0,water_pipe_control,6.0,cloudlet_to_cloud,1315.0005,20000000,3
115,LINK,3,10,water_pipe_control,10.00025,cloudlet_to_valve,1315.0005,5000,4
115,LINK,3,0,water_pipe_control,6.0,cloudlet_to_cloud,1315.0005,20000000,5
110,LINK,1,4,water_pipe_control,10.00025,cloudlet_to_valve,1320.0005,5000,6
110,LINK,1,0,water_pipe_control,6.0,cloudlet_to_cloud,1320.0005,20000000,7
113,LINK,2,7,water_pipe_control,10.00025,cloudlet_to_valve,1320.0005,5000,8
113,LINK,2,0,water_pipe_control,6.0,cloudlet_to_cloud,1320.0005,20000000,9
116,LINK,3,10,water_pipe_control,10.00025,cloudlet_to_valve,1320.0005,5000,10
116,LINK,3,0,water_pipe_control,6.0,cloudlet_to_cloud,1320.0005,20000000,11
111,LINK,1,4,water_pipe_control,10.00025,cloudlet_to_valve,1325.0005,5000,9
111,LINK,1,0,water_pipe_control,6.0,cloudlet_to_cloud,1325.0005,20000000,10
114,LINK,2,7,water_pipe_control,10.00025,cloudlet_to_valve,1325.0005,5000,11
114,LINK,2,0,water_pipe_control,6.0,cloudlet_to_cloud,1325.0005,20000000,12
117,LINK,3,10,water_pipe_control,10.00025,cloudlet_to_valve,1325.0005,5000,13
117,LINK,3,0,water_pipe_control,6.0,cloudlet_to_cloud,1325.0005,20000000,14
118,LINK,4,1,water_pipe_control,10.0005,sensor_to_cloudlet,1400,10000,0
119,LINK,5,1,water_pipe_control,10.0005,sensor_to_cloudlet,1400,10000,1
120,LINK,6,1,water_pipe_control,10.0005,sensor_to_cloudlet,1400,10000,2
121,LINK,7,2,water_pipe_control,10.0005,sensor_to_cloudlet,1400,10000,3
122,LINK,8,2,water_pipe_control,10.0005,sensor_to_cloudlet,1400,10000,4
123,LINK,9,2,water_pipe_control,10.0005,sensor_to_cloudlet,1400,10000,5
124,LINK,10,3,water_pipe_control,10.0005,sensor_to_cloudlet,1400,10000,6
125,LINK,11,3,water_pipe_control,10.0005,sensor_to_cloudlet,1400,10000,7
126,LINK,12,3,water_pipe_control,10.0005,sensor_to_cloudlet,1400,10000,8
118,LINK,1,4,water_pipe_control,10.00025,cloudlet_to_valve,1415.0005,5000,0
118,LINK,1,0,water_pipe_control,6.0,cloudlet_to_cloud,1415.0005,20000000,1
121,LINK,2,7,water_pipe_control,10.00025,cloudlet_to_valve,1415.0005,5000,2
121,LINK,2,0,water_pipe_control,6.0,cloudlet_to_cloud,1415.0005,20000000,3
124,LINK,3,10,water_pipe_control,10.00025,cloudlet_to_valve,1415.0005,5000,4
124,LINK,3,0,water_pipe_control,6.0,cloudlet_to_cloud,1415.0005,20000000,5
119,LINK,1,4,water_pipe_control,10.00025,cloudlet_to_valve,1420.0005,5000,6
119,LINK,1,0,water_pipe_control,6.0,cloudlet_to_cloud,1420.0005,20000000,7
122,LINK,2,7,water_pipe_control,10.00025,cloudlet_to_valve,1420.0005,5000,8
122,LINK,2,0,water_pipe_control,6.0,cloudlet_to_cloud,1420.0005,20000000,9
125,LINK,3,10,water_pipe_control,10.00025,cloudlet_to_valve,1420.0005,5000,10
125,LINK,3,0,water_pipe_control,6.0,cloudlet_to_cloud,1420.0005,20000000,11
120,LINK,1,4,water_pipe_control,10.00025,cloudlet_to_valve,1425.0005,5000,9
120,LINK,1,0,water_pipe_control,6.0,cloudlet_to_cloud,1425.0005,20000000,10
123,LINK,2,7,water_pipe_control,10.00025,cloudlet_to_valve,1425.0005,5000,11
123,LINK,2,0,water_pipe_control,6.0,cloudlet_to_cloud,1425.0005,20000000,12
126,LINK,3,10,water_pipe_control,10.00025,cloudlet_to_valve,1425.0005,5000,13
126,LINK,3,0,water_pipe_control,6.0,cloudlet_to_cloud,1425.0005,20000000,14
127,LINK,4,1,water_pipe_control,10.0005,sensor_to_cloudlet,1500,10000,0
128,LINK,5,1,water_pipe_control,10.0005,sensor_to_cloudlet,1500,10000,1
129,LINK,6,1,water_pipe_control,10.0005,sensor_to_cloudlet,1500,10000,2
130,LINK,7,2,water_pipe_control,10.0005,sensor_to_cloudlet,1500,10000,3
131,LINK,8,2,water_pipe_control,10.0005,sensor_to_cloudlet,1500,10000,4
132,LINK,9,2,water_pipe_control,10.0005,sensor_to_cloudlet,1500,10000,5
133,LINK,10,3,water_pipe_control,10.0005,sensor_to_cloudlet,1500,10000,6
134,LINK,11,3,water_pipe_control,10.0005,sensor_to_cloudlet,1500,10000,7
135,LINK,12,3,water_pipe_control,10.0005,sensor_to_cloudlet,1500,10000,8
127,LINK,1,4,water_pipe_control,10.00025,cloudlet_to_valve,1515.0005,5000,0
127,LINK,1,0,water_pipe_control,6.0,cloudlet_to_cloud,1515.0005,20000000,1
130,LINK,2,7,water_pipe_control,10.00025,cloudlet_to_valve,1515.0005,5000,2
130,LINK,2,0,water_pipe_control,6.0,cloudlet_to_cloud,1515.0005,20000000,3
133,LINK,3,10,water_pipe_control,10.00025,cloudlet_to_valve,1515.0005,5000,4
133,LINK,3,0,water_pipe_control,6.0,cloudlet_to_cloud,1515.0005,20000000,5
128,LINK,1,4,water_pipe_control,10.00025,cloudlet_to_valve,1520.0005,5000,6
128,LINK,1,0,water_pipe_control,6.0,cloudlet_to_cloud,1520.0005,20000000,7
131,LINK,2,7,water_pipe_control,10.00025,cloudlet_to_valve,1520.0005,5000,8
131,LINK,2,0,water_pipe_control,6.0,cloudlet_to_cloud,1520.0005,20000000,9
134,LINK,3,10,water_pipe_control,10.00025,cloudlet_to_valve,1520.0005,5000,10
134,LINK,3,0,water_pipe_control,6.0,cloudlet_to_cloud,1520.0005,20000000,11
129,LINK,1,4,water_pipe_control,10.00025,cloudlet_to_valve,1525.0005,5000,9
129,LINK,1,0,water_pipe_control,6.0,cloudlet_to_cloud,1525.0005,20000000,10
132,LINK,2,7,water_pipe_control,10.00025,cloudlet_to_valve,1525.0005,5000,11
132,LINK,2,0,water_pipe_control,6.0,cloudlet_to_cloud,1525.0005,20000000,12
135,LINK,3,10,water_pipe_control,10.00025,cloudlet_to_valve,1525.0005,5000,13
135,LINK,3,0,water_pipe_control,6.0,cloudlet_to_cloud,1525.0005,20000000,14
136,LINK,4,1,water_pipe_control,10.0005,sensor_to_cloudlet,1600,10000,0
137,LINK,5,1,water_pipe_control,10.0005,sensor_to_cloudlet,1600,10000,1
138,LINK,6,1,water_pipe_control,10.0005,sensor_to_cloudlet,1600,10000,2
139,LINK,7,2,water_pipe_control,10.0005,sensor_to_cloudlet,1600,10000,3
140,LINK,8,2,water_pipe_control,10.0005,sensor_to_cloudlet,1600,10000,4
141,LINK,9,2,water_pipe_control,10.0005,sensor_to_cloudlet,1600,10000,5
142,LINK,10,3,water_pipe_control,10.0005,sensor_to_cloudlet,1600,10000,6
143,LINK,11,3,water_pipe_control,10.0005,sensor_to_cloudlet,1600,10000,7
144,LINK,12,3,water_pipe_control,10.0005,sensor_to_cloudlet,1600,10000,8
136,LINK,1,4,water_pipe_control,10.00025,cloudlet_to_valve,1615.0005,5000,0
136,LINK,1,0,water_pipe_control,6.0,cloudlet_to_cloud,1615.0005,20000000,1
139,LINK,2,7,water_pipe_control,10.00025,cloudlet_to_valve,1615.0005,5000,2
139,LINK,2,0,water_pipe_control,6.0,cloudlet_to_cloud,1615.0005,20000000,3
142,LINK,3,10,water_pipe_control,10.00025,cloudlet_to_valve,1615.0005,5000,4
142,LINK,3,0,water_pipe_control,6.0,cloudlet_to_cloud,1615.0005,20000000,5
137,LINK,1,4,water_pipe_control,10.00025,cloudlet_to_valve,1620.0005,5000,6
137,LINK,1,0,water_pipe_control,6.0,cloudlet_to_cloud,1620.0005,20000000,7
140,LINK,2,7,water_pipe_control,10.00025,cloudlet_to_valve,1620.0005,5000,8
140,LINK,2,0,water_pipe_control,6.0,cloudlet_to_cloud,1620.0005,20000000,9
143,LINK,3,10,water_pipe_control,10.00025,cloudlet_to_valve,1620.0005,5000,10
143,LINK,3,0,water_pipe_control,6.0,cloudlet_to_cloud,1620.0005,20000000,11
138,LINK,1,4,water_pipe_control,10.00025,cloudlet_to_valve,1625.0005,5000,9
138,LINK,1,0,water_pipe_control,6.0,cloudlet_to_cloud,1625.0005,20000000,10
141,LINK,2,7,water_pipe_control,10.00025,cloudlet_to_valve,1625.0005,5000,11
141,LINK,2,0,water_pipe_control,6.0,cloudlet_to_cloud,1625.0005,20000000,12
144,LINK,3,10,water_pipe_control,10.00025,cloudlet_to_valve,1625.0005,5000,13
144,LINK,3,0,water_pipe_control,6.0,cloudlet_to_cloud,1625.0005,20000000,14
145,LINK,4,1,water_pipe_control,10.0005,sensor_to_cloudlet,1700,10000,0
146,LINK,5,1,water_pipe_control,10.0005,sensor_to_cloudlet,1700,10000,1
147,LINK,6,1,water_pipe_control,10.0005,sensor_to_cloudlet,1700,10000,2
148,LINK,7,2,water_pipe_control,10.0005,sensor_to_cloudlet,1700,10000,3
149,LINK,8,2,water_pipe_control,10.0005,sensor_to_cloudlet,1700,10000,4
150,LINK,9,2,water_pipe_control,10.0005,sensor_to_cloudlet,1700,10000,5
151,LINK,10,3,water_pipe_control,10.0005,sensor_to_cloudlet,1700,10000,6
152,LINK,11,3,water_pipe_control,10.0005,sensor_to_cloudlet,1700,10000,7
153,LINK,12,3,water_pipe_control,10.0005,sensor_to_cloudlet,1700,10000,8
145,LINK,1,4,water_pipe_control,10.00025,cloudlet_to_valve,1715.0005,5000,0
145,LINK,1,0,water_pipe_control,6.0,cloudlet_to_cloud,1715.0005,20000000,1
148,LINK,2,7,water_pipe_control,10.00025,cloudlet_to_valve,1715.0005,5000,2
148,LINK,2,0,water_pipe_control,6.0,cloudlet_to_cloud,1715.0005,20000000,3
151,LINK,3,10,water_pipe_control,10.00025,cloudlet_to_valve,1715.0005,5000,4
151,LINK,3,0,water_pipe_control,6.0,cloudlet_to_cloud,1715.0005,20000000,5
146,LINK,1,4,water_pipe_control,10.00025,cloudlet_to_valve,1720.0005,5000,6
146,LINK,1,0,water_pipe_control,6.0,cloudlet_to_cloud,1720.0005,20000000,7
149,LINK,2,7,water_pipe_control,10.00025,cloudlet_to_valve,1720.0005,5000,8
149,LINK,2,0,water_pipe_control,6.0,cloudlet_to_cloud,1720.0005,20000000,9
152,LINK,3,10,water_pipe_control,10.00025,cloudlet_to_valve,1720.0005,5000,10
152,LINK,3,0,water_pipe_control,6.0,cloudlet_to_cloud,1720.0005,20000000,11
147,LINK,1,4,water_pipe_control,10.00025,cloudlet_to_valve,1725.0005,5000,9
147,LINK,1,0,water_pipe_control,6.0,cloudlet_to_cloud,1725.0005,20000000,10
150,LINK,2,7,water_pipe_control,10.00025,cloudlet_to_valve,1725.0005,5000,11
150,LINK,2,0,water_pipe_control,6.0,cloudlet_to_cloud,1725.0005,20000000,12
153,LINK,3,10,water_pipe_control,10.00025,cloudlet_to_valve,1725.0005,5000,13
153,LINK,3,0,water_pipe_control,6.0,cloudlet_to_cloud,1725.0005,20000000,14
154,LINK,4,1,water_pipe_control,10.0005,sensor_to_cloudlet,1800,10000,0
155,LINK,5,1,water_pipe_control,10.0005,sensor_to_cloudlet,1800,10000,1
156,LINK,6,1,water_pipe_control,10.0005,sensor_to_cloudlet,1800,10000,2
157,LINK,7,2,water_pipe_control,10.0005,sensor_to_cloudlet,1800,10000,3
158,LINK,8,2,water_pipe_control,10.0005,sensor_to_cloudlet,1800,10000,4
159,LINK,9,2,water_pipe_control,10.0005,sensor_to_cloudlet,1800,10000,5
160,LINK,10,3,water_pipe_control,10.0005,sensor_to_cloudlet,1800,10000,6
161,LINK,11,3,water_pipe_control,10.0005,sensor_to_cloudlet,1800,10000,7
162,LINK,12,3,water_pipe_control,10.0005,sensor_to_cloudlet,1800,10000,8
154,LINK,1,4,water_pipe_control,10.00025,cloudlet_to_valve,1815.0005,5000,0
154,LINK,1,0,water_pipe_control,6.0,cloudlet_to_cloud,1815.0005,20000000,1
157,LINK,2,7,water_pipe_control,10.00025,cloudlet_to_valve,1815.0005,5000,2
157,LINK,2,0,water_pipe_control,6.0,cloudlet_to_cloud,1815.0005,20000000,3
160,LINK,3,10,water_pipe_control,10.00025,cloudlet_to_valve,1815.0005,5000,4
160,LINK,3,0,water_pipe_control,6.0,cloudlet_to_cloud,1815.0005,20000000,5
155,LINK,1,4,water_pipe_control,10.00025,cloudlet_to_valve,1820.0005,5000,6
155,LINK,1,0,water_pipe_control,6.0,cloudlet_to_cloud,1820.0005,20000000,7
158,LINK,2,7,water_pipe_control,10.00025,cloudlet_to_valve,1820.0005,5000,8
158,LINK,2,0,water_pipe_control,6.0,cloudlet_to_cloud,1820.0005,20000000,9
161,LINK,3,10,water_pipe_control,10.00025,cloudlet_to_valve,1820.0005,5000,10
161,LINK,3,0,water_pipe_control,6.0,cloudlet_to_cloud,1820.0005,20000000,11
156,LINK,1,4,water_pipe_control,10.00025,cloudlet_to_valve,1825.0005,5000,9
156,LINK,1,0,water_pipe_control,6.0,cloudlet_to_cloud,1825.0005,20000000,10
159,LINK,2,7,water_pipe_control,10.00025,cloudlet_to_valve,1825.0005,5000,11
159,LINK,2,0,water_pipe_control,6.0,cloudlet_to_cloud,1825.0005,20000000,12
162,LINK,3,10,water_pipe_control,10.00025,cloudlet_to_valve,1825.0005,5000,13
162,LINK,3,0,water_pipe_control,6.0,cloudlet_to_cloud,1825.0005,20000000,14
163,LINK,4,1,water_pipe_control,10.0005,sensor_to_cloudlet,1900,10000,0
164,LINK,5,1,water_pipe_control,10.0005,sensor_to_cloudlet,1900,10000,1
165,LINK,6,1,water_pipe_control,10.0005,sensor_to_cloudlet,1900,10000,2
166,LINK,7,2,water_pipe_control,10.0005,sensor_to_cloudlet,1900,10000,3
167,LINK,8,2,water_pipe_control,10.0005,sensor_to_cloudlet,1900,10000,4
168,LINK,9,2,water_pipe_control,10.0005,sensor_to_cloudlet,1900,10000,5
169,LINK,10,3,water_pipe_control,10.0005,sensor_to_cloudlet,1900,10000,6
170,LINK,11,3,water_pipe_control,10.0005,sensor_to_cloudlet,1900,10000,7
171,LINK,12,3,water_pipe_control,10.0005,sensor_to_cloudlet,1900,10000,8
163,LINK,1,4,water_pipe_control,10.00025,cloudlet_to_valve,1915.0005,5000,0
163,LINK,1,0,water_pipe_control,6.0,cloudlet_to_cloud,1915.0005,20000000,1
166,LINK,2,7,water_pipe_control,10.00025,cloudlet_to_valve,1915.0005,5000,2
166,LINK,2,0,water_pipe_control,6.0,cloudlet_to_cloud,1915.0005,20000000,3
169,LINK,3,10,water_pipe_control,10.00025,cloudlet_to_valve,1915.0005,5000,4
169,LINK,3,0,water_pipe_control,6.0,cloudlet_to_cloud,1915.0005,20000000,5
164,LINK,1,4,water_pipe_control,10.00025,cloudlet_to_valve,1920.0005,5000,6
164,LINK,1,0,water_pipe_control,6.0,cloudlet_to_cloud,1920.0005,20000000,7
167,LINK,2,7,water_pipe_control,10.00025,cloudlet_to_valve,1920.0005,5000,8
167,LINK,2,0,water_pipe_control,6.0,cloudlet_to_cloud,1920.0005,20000000,9
170,LINK,3,10,water_pipe_control,10.00025,cloudlet_to_valve,1920.0005,5000,10
170,LINK,3,0,water_pipe_control,6.0,cloudlet_to_cloud,1920.0005,20000000,11
165,LINK,1,4,water_pipe_control,10.00025,cloudlet_to_valve,1925.0005,5000,9
165,LINK,1,0,water_pipe_control,6.0,cloudlet_to_cloud,1925.0005,20000000,10
168,LINK,2,7,water_pipe_control,10.00025,cloudlet_to_valve,1925.0005,5000,11
168,LINK,2,0,water_pipe_control,6.0,cloudlet_to_cloud,1925.0005,20000000,12
171,LINK,3,10,water_pipe_control,10.00025,cloudlet_to_valve,1925.0005,5000,13
171,LINK,3,0,water_pipe_control,6.0,cloudlet_to_cloud,1925.0005,20000000,14
172,LINK,4,1,water_pipe_control,10.0005,sensor_to_cloudlet,2000,10000,0
173,LINK,5,1,water_pipe_control,10.0005,sensor_to_cloudlet,2000,10000,1
174,LINK,6,1,water_pipe_control,10.0005,sensor_to_cloudlet,2000,10000,2
175,LINK,7,2,water_pipe_control,10.0005,sensor_to_cloudlet,2000,10000,3
176,LINK,8,2,water_pipe_control,10.0005,sensor_to_cloudlet,2000,10000,4
177,LINK,9,2,water_pipe_control,10.0005,sensor_to_cloudlet,2000,10000,5
178,LINK,10,3,water_pipe_control,10.0005,sensor_to_cloudlet,2000,10000,6
179,LINK,11,3,water_pipe_control,10.0005,sensor_to_cloudlet,2000,10000,7
180,LINK,12,3,water_pipe_control,10.0005,sensor_to_cloudlet,2000,10000,8
172,LINK,1,4,water_pipe_control,10.00025,cloudlet_to_valve,2015.0005,5000,0
172,LINK,1,0,water_pipe_control,6.0,cloudlet_to_cloud,2015.0005,20000000,1
175,LINK,2,7,water_pipe_control,10.00025,cloudlet_to_valve,2015.0005,5000,2
175,LINK,2,0,water_pipe_control,6.0,cloudlet_to_cloud,2015.0005,20000000,3
178,LINK,3,10,water_pipe_control,10.00025,cloudlet_to_valve,2015.0005,5000,4
178,LINK,3,0,water_pipe_control,6.0,cloudlet_to_cloud,2015.0005,20000000,5
173,LINK,1,4,water_pipe_control,10.00025,cloudlet_to_valve,2020.0005,5000,6
173,LINK,1,0,water_pipe_control,6.0,cloudlet_to_cloud,2020.0005,20000000,7
176,LINK,2,7,water_pipe_control,10.00025,cloudlet_to_valve,2020.0005,5000,8
176,LINK,2,0,water_pipe_control,6.0,cloudlet_to_cloud,2020.0005,20000000,9
179,LINK,3,10,water_pipe_control,10.00025,cloudlet_to_valve,2020.0005,5000,10
179,LINK,3,0,water_pipe_control,6.0,cloudlet_to_cloud,2020.0005,20000000,11
174,LINK,1,4,water_pipe_control,10.00025,cloudlet_to_valve,2025.0005,5000,9
174,LINK,1,0,water_pipe_control,6.0,cloudlet_to_cloud,2025.0005,20000000,10
177,LINK,2,7,water_pipe_control,10.00025,cloudlet_to_valve,2025.0005,5000,11
177,LINK,2,0,water_pipe_control,6.0,cloudlet_to_cloud,2025.0005,20000000,12
180,LINK,3,10,water_pipe_control,10.00025,cloudlet_to_valve,2025.0005,5000,13
180,LINK,3,0,water_pipe_control,6.0,cloudlet_to_cloud,2025.0005,20000000,14
181,LINK,4,1,water_pipe_control,10.0005,sensor_to_cloudlet,2100,10000,0
182,LINK,5,1,water_pipe_control,10.0005,sensor_to_cloudlet,2100,10000,1
183,LINK,6,1,water_pipe_control,10.0005,sensor_to_cloudlet,2100,10000,2
184,LINK,7,2,water_pipe_control,10.0005,sensor_to_cloudlet,2100,10000,3
185,LINK,8,2,water_pipe_control,10.0005,sensor_to_cloudlet,2100,10000,4
186,LINK,9,2,water_pipe_control,10.0005,sensor_to_cloudlet,2100,10000,5
187,LINK,10,3,water_pipe_control,10.0005,sensor_to_cloudlet,2100,10000,6
188,LINK,11,3,water_pipe_control,10.0005,sensor_to_cloudlet,2100,10000,7
189,LINK,12,3,water_pipe_control,10.0005,sensor_to_cloudlet,2100,10000,8
181,LINK,1,4,water_pipe_control,10.00025,cloudlet_to_valve,2115.0005,5000,0
181,LINK,1,0,water_pipe_control,6.0,cloudlet_to_cloud,2115.0005,20000000,1
184,LINK,2,7,water_pipe_control,10.00025,cloudlet_to_valve,2115.0005,5000,2
184,LINK,2,0,water_pipe_control,6.0,cloudlet_to_cloud,2115.0005,20000000,3
187,LINK,3,10,water_pipe_control,10.00025,cloudlet_to_valve,2115.0005,5000,4
187,LINK,3,0,water_pipe_control,6.0,cloudlet_to_cloud,2115.0005,20000000,5
182,LINK,1,4,water_pipe_control,10.00025,cloudlet_to_valve,2120.0005,5000,6
182,LINK,1,0,water_pipe_control,6.0,cloudlet_to_cloud,2120.0005,20000000,7
185,LINK,2,7,water_pipe_control,10.00025,cloudlet_to_valve,2120.0005,5000,8
185,LINK,2,0,water_pipe_control,6.0,cloudlet_to_cloud,2120.0005,20000000,9
188,LINK,3,10,water_pipe_control,10.00025,cloudlet_to_valve,2120.0005,5000,10
188,LINK,3,0,water_pipe_control,6.0,cloudlet_to_cloud,2120.0005,20000000,11
183,LINK,1,4,water_pipe_control,10.00025,cloudlet_to_valve,2125.0005,5000,9
183,LINK,1,0,water_pipe_control,6.0,cloudlet_to_cloud,2125.0005,20000000,10
186,LINK,2,7,water_pipe_control,10.00025,cloudlet_to_valve,2125.0005,5000,11
186,LINK,2,0,water_pipe_control,6.0,cloudlet_to_cloud,2125.0005,20000000,12
189,LINK,3,10,water_pipe_control,10.00025,cloudlet_to_valve,2125.0005,5000,13
189,LINK,3,0,water_pipe_control,6.0,cloudlet_to_cloud,2125.0005,20000000,14
190,LINK,4,1,water_pipe_control,10.0005,sensor_to_cloudlet,2200,10000,0
191,LINK,5,1,water_pipe_control,10.0005,sensor_to_cloudlet,2200,10000,1
192,LINK,6,1,water_pipe_control,10.0005,sensor_to_cloudlet,2200,10000,2
193,LINK,7,2,water_pipe_control,10.0005,sensor_to_cloudlet,2200,10000,3
194,LINK,8,2,water_pipe_control,10.0005,sensor_to_cloudlet,2200,10000,4
195,LINK,9,2,water_pipe_control,10.0005,sensor_to_cloudlet,2200,10000,5
196,LINK,10,3,water_pipe_control,10.0005,sensor_to_cloudlet,2200,10000,6
197,LINK,11,3,water_pipe_control,10.0005,sensor_to_cloudlet,2200,10000,7
198,LINK,12,3,water_pipe_control,10.0005,sensor_to_cloudlet,2200,10000,8
190,LINK,1,4,water_pipe_control,10.00025,cloudlet_to_valve,2215.0005,5000,0
190,LINK,1,0,water_pipe_control,6.0,cloudlet_to_cloud,2215.0005,20000000,1
193,LINK,2,7,water_pipe_control,10.00025,cloudlet_to_valve,2215.0005,5000,2
193,LINK,2,0,water_pipe_control,6.0,cloudlet_to_cloud,2215.0005,20000000,3
196,LINK,3,10,water_pipe_control,10.00025,cloudlet_to_valve,2215.0005,5000,4
196,LINK,3,0,water_pipe_control,6.0,cloudlet_to_cloud,2215.0005,20000000,5
191,LINK,1,4,water_pipe_control,10.00025,cloudlet_to_valve,2220.0005,5000,6
191,LINK,1,0,water_pipe_control,6.0,cloudlet_to_cloud,2220.0005,20000000,7
194,LINK,2,7,water_pipe_control,10.00025,cloudlet_to_valve,2220.0005,5000,8
194,LINK,2,0,water_pipe_control,6.0,cloudlet_to_cloud,2220.0005,20000000,9
197,LINK,3,10,water_pipe_control,10.00025,cloudlet_to_valve,2220.0005,5000,10
197,LINK,3,0,water_pipe_control,6.0,cloudlet_to_cloud,2220.0005,20000000,11
192,LINK,1,4,water_pipe_control,10.00025,cloudlet_to_valve,2225.0005,5000,9
192,LINK,1,0,water_pipe_control,6.0,cloudlet_to_cloud,2225.0005,20000000,10
195,LINK,2,7,water_pipe_control,10.00025,cloudlet_to_valve,2225.0005,5000,11
195,LINK,2,0,water_pipe_control,6.0,cloudlet_to_cloud,2225.0005,20000000,12
198,LINK,3,10,water_pipe_control,10.00025,cloudlet_to_valve,2225.0005,5000,13
198,LINK,3,0,water_pipe_control,6.0,cloudlet_to_cloud,2225.0005,20000000,14
199,LINK,4,1,water_pipe_control,10.0005,sensor_to_cloudlet,2300,10000,0
200,LINK,5,1,water_pipe_control,10.0005,sensor_to_cloudlet,2300,10000,1
201,LINK,6,1,water_pipe_control,10.0005,sensor_to_cloudlet,2300,10000,2
202,LINK,7,2,water_pipe_control,10.0005,sensor_to_cloudlet,2300,10000,3
203,LINK,8,2,water_pipe_control,10.0005,sensor_to_cloudlet,2300,10000,4
204,LINK,9,2,water_pipe_control,10.0005,sensor_to_cloudlet,2300,10000,5
205,LINK,10,3,water_pipe_control,10.0005,sensor_to_cloudlet,2300,10000,6
206,LINK,11,3,water_pipe_control,10.0005,sensor_to_cloudlet,2300,10000,7
207,LINK,12,3,water_pipe_control,10.0005,sensor_to_cloudlet,2300,10000,8
199,LINK,1,4,water_pipe_control,10.00025,cloudlet_to_valve,2315.0005,5000,0
199,LINK,1,0,water_pipe_control,6.0,cloudlet_to_cloud,2315.0005,20000000,1
202,LINK,2,7,water_pipe_control,10.00025,cloudlet_to_valve,2315.0005,5000,2
202,LINK,2,0,water_pipe_control,6.0,cloudlet_to_cloud,2315.0005,20000000,3
205,LINK,3,10,water_pipe_control,10.00025,cloudlet_to_valve,2315.0005,5000,4
205,LINK,3,0,water_pipe_control,6.0,cloudlet_to_cloud,2315.0005,20000000,5
200,LINK,1,4,water_pipe_control,10.00025,cloudlet_to_valve,2320.0005,5000,6
200,LINK,1,0,water_pipe_control,6.0,cloudlet_to_cloud,2320.0005,20000000,7
203,LINK,2,7,water_pipe_control,10.00025,cloudlet_to_valve,2320.0005,5000,8
203,LINK,2,0,water_pipe_control,6.0,cloudlet_to_cloud,2320.0005,20000000,9
206,LINK,3,10,water_pipe_control,10.00025,cloudlet_to_valve,2320.0005,5000,10
206,LINK,3,0,water_pipe_control,6.0,cloudlet_to_cloud,2320.0005,20000000,11
201,LINK,1,4,water_pipe_control,10.00025,cloudlet_to_valve,2325.0005,5000,9
201,LINK,1,0,water_pipe_control,6.0,cloudlet_to_cloud,2325.0005,20000000,10
204,LINK,2,7,water_pipe_control,10.00025,cloudlet_to_valve,2325.0005,5000,11
204,LINK,2,0,water_pipe_control,6.0,cloudlet_to_cloud,2325.0005,20000000,12
207,LINK,3,10,water_pipe_control,10.00025,cloudlet_to_valve,2325.0005,5000,13
207,LINK,3,0,water_pipe_control,6.0,cloudlet_to_cloud,2325.0005,20000000,14
208,LINK,4,1,water_pipe_control,10.0005,sensor_to_cloudlet,2400,10000,0
209,LINK,5,1,water_pipe_control,10.0005,sensor_to_cloudlet,2400,10000,1
210,LINK,6,1,water_pipe_control,10.0005,sensor_to_cloudlet,2400,10000,2
211,LINK,7,2,water_pipe_control,10.0005,sensor_to_cloudlet,2400,10000,3
212,LINK,8,2,water_pipe_control,10.0005,sensor_to_cloudlet,2400,10000,4
213,LINK,9,2,water_pipe_control,10.0005,sensor_to_cloudlet,2400,10000,5
214,LINK,10,3,water_pipe_control,10.0005,sensor_to_cloudlet,2400,10000,6
215,LINK,11,3,water_pipe_control,10.0005,sensor_to_cloudlet,2400,10000,7
216,LINK,12,3,water_pipe_control,10.0005,sensor_to_cloudlet,2400,10000,8
208,LINK,1,4,water_pipe_control,10.00025,cloudlet_to_valve,2415.0005,5000,0
208,LINK,1,0,water_pipe_control,6.0,cloudlet_to_cloud,2415.0005,20000000,1
211,LINK,2,7,water_pipe_control,10.00025,cloudlet_to_valve,2415.0005,5000,2
211,LINK,2,0,water_pipe_control,6.0,cloudlet_to_cloud,2415.0005,20000000,3
214,LINK,3,10,water_pipe_control,10.00025,cloudlet_to_valve,2415.0005,5000,4
214,LINK,3,0,water_pipe_control,6.0,cloudlet_to_cloud,2415.0005,20000000,5
209,LINK,1,4,water_pipe_control,10.00025,cloudlet_to_valve,2420.0005,5000,6
209,LINK,1,0,water_pipe_control,6.0,cloudlet_to_cloud,2420.0005,20000000,7
212,LINK,2,7,water_pipe_control,10.00025,cloudlet_to_valve,2420.0005,5000,8
212,LINK,2,0,water_pipe_control,6.0,cloudlet_to_cloud,2420.0005,20000000,9
215,LINK,3,10,water_pipe_control,10.00025,cloudlet_to_valve,2420.0005,5000,10
215,LINK,3,0,water_pipe_control,6.0,cloudlet_to_cloud,2420.0005,20000000,11
210,LINK,1,4,water_pipe_control,10.00025,cloudlet_to_valve,2425.0005,5000,9
210,LINK,1,0,water_pipe_control,6.0,cloudlet_to_cloud,2425.0005,20000000,10
213,LINK,2,7,water_pipe_control,10.00025,cloudlet_to_valve,2425.0005,5000,11
213,LINK,2,0,water_pipe_control,6.0,cloudlet_to_cloud,2425.0005,20000000,12
216,LINK,3,10,water_pipe_control,10.00025,cloudlet_to_valve,2425.0005,5000,13
216,LINK,3,0,water_pipe_control,6.0,cloudlet_to_cloud,2425.0005,20000000,14
217,LINK,4,1,water_pipe_control,10.0005,sensor_to_cloudlet,2500,10000,0
218,LINK,5,1,water_pipe_control,10.0005,sensor_to_cloudlet,2500,10000,1
219,LINK,6,1,water_pipe_control,10.0005,sensor_to_cloudlet,2500,10000,2
220,LINK,7,2,water_pipe_control,10.0005,sensor_to_cloudlet,2500,10000,3
221,LINK,8,2,water_pipe_control,10.0005,sensor_to_cloudlet,2500,10000,4
222,LINK,9,2,water_pipe_control,10.0005,sensor_to_cloudlet,2500,10000,5
223,LINK,10,3,water_pipe_control,10.0005,sensor_to_cloudlet,2500,10000,6
224,LINK,11,3,water_pipe_control,10.0005,sensor_to_cloudlet,2500,10000,7
225,LINK,12,3,water_pipe_control,10.0005,sensor_to_cloudlet,2500,10000,8
217,LINK,1,4,water_pipe_control,10.00025,cloudlet_to_valve,2515.0005,5000,0
217,LINK,1,0,water_pipe_control,6.0,cloudlet_to_cloud,2515.0005,20000000,1
220,LINK,2,7,water_pipe_control,10.00025,cloudlet_to_valve,2515.0005,5000,2
220,LINK,2,0,water_pipe_control,6.0,cloudlet_to_cloud,2515.0005,20000000,3
223,LINK,3,10,water_pipe_control,10.00025,cloudlet_to_valve,2515.0005,5000,4
223,LINK,3,0,water_pipe_control,6.0,cloudlet_to_cloud,2515.0005,20000000,5
218,LINK,1,4,water_pipe_control,10.00025,cloudlet_to_valve,2520.0005,5000,6
218,LINK,1,0,water_pipe_control,6.0,cloudlet_to_cloud,2520.0005,20000000,7
221,LINK,2,7,water_pipe_control,10.00025,cloudlet_to_valve,2520.0005,5000,8
221,LINK,2,0,water_pipe_control,6.0,cloudlet_to_cloud,2520.0005,20000000,9
224,LINK,3,10,water_pipe_control,10.00025,cloudlet_to_valve,2520.0005,5000,10
224,LINK,3,0,water_pipe_control,6.0,cloudlet_to_cloud,2520.0005,20000000,11
219,LINK,1,4,water_pipe_control,10.00025,cloudlet_to_valve,2525.0005,5000,9
219,LINK,1,0,water_pipe_control,6.0,cloudlet_to_cloud,2525.0005,20000000,10
222,LINK,2,7,water_pipe_control,10.00025,cloudlet_to_valve,2525.0005,5000,11
222,LINK,2,0,water_pipe_control,6.0,cloudlet_to_cloud,2525.0005,20000000,12
225,LINK,3,10,water_pipe_control,10.00025,cloudlet_to_valve,2525.0005,5000,13
225,LINK,3,0,water_pipe_control,6.0,cloudlet_to_cloud,2525.0005,20000000,14
226,LINK,4,1,water_pipe_control,10.0005,sensor_to_cloudlet,2600,10000,0
227,LINK,5,1,water_pipe_control,10.0005,sensor_to_cloudlet,2600,10000,1
228,LINK,6,1,water_pipe_control,10.0005,sensor_to_cloudlet,2600,10000,2
229,LINK,7,2,water_pipe_control,10.0005,sensor_to_cloudlet,2600,10000,3
230,LINK,8,2,water_pipe_control,10.0005,sensor_to_cloudlet,2600,10000,4
231,LINK,9,2,water_pipe_control,10.0005,sensor_to_cloudlet,2600,10000,5
232,LINK,10,3,water_pipe_control,10.0005,sensor_to_cloudlet,2600,10000,6
233,LINK,11,3,water_pipe_control,10.0005,sensor_to_cloudlet,2600,10000,7
234,LINK,12,3,water_pipe_control,10.0005,sensor_to_cloudlet,2600,10000,8
226,LINK,1,4,water_pipe_control,10.00025,cloudlet_to_valve,2615.0005,5000,0
226,LINK,1,0,water_pipe_control,6.0,cloudlet_to_cloud,2615.0005,20000000,1
229,LINK,2,7,water_pipe_control,10.00025,cloudlet_to_valve,2615.0005,5000,2
229,LINK,2,0,water_pipe_control,6.0,cloudlet_to_cloud,2615.0005,20000000,3
232,LINK,3,10,water_pipe_control,10.00025,cloudlet_to_valve,2615.0005,5000,4
232,LINK,3,0,water_pipe_control,6.0,cloudlet_to_cloud,2615.0005,20000000,5
227,LINK,1,4,water_pipe_control,10.00025,cloudlet_to_valve,2620.0005,5000,6
227,LINK,1,0,water_pipe_control,6.0,cloudlet_to_cloud,2620.0005,20000000,7
230,LINK,2,7,water_pipe_control,10.00025,cloudlet_to_valve,2620.0005,5000,8
230,LINK,2,0,water_pipe_control,6.0,cloudlet_to_cloud,2620.0005,20000000,9
233,LINK,3,10,water_pipe_control,10.00025,cloudlet_to_valve,2620.0005,5000,10
233,LINK,3,0,water_pipe_control,6.0,cloudlet_to_cloud,2620.0005,20000000,11
228,LINK,1,4,water_pipe_control,10.00025,cloudlet_to_valve,2625.0005,5000,9
228,LINK,1,0,water_pipe_control,6.0,cloudlet_to_cloud,2625.0005,20000000,10
231,LINK,2,7,water_pipe_control,10.00025,cloudlet_to_valve,2625.0005,5000,11
231,LINK,2,0,water_pipe_control,6.0,cloudlet_to_cloud,2625.0005,20000000,12
234,LINK,3,10,water_pipe_control,10.00025,cloudlet_to_valve,2625.0005,5000,13
234,LINK,3,0,water_pipe_control,6.0,cloudlet_to_cloud,2625.0005,20000000,14
235,LINK,4,1,water_pipe_control,10.0005,sensor_to_cloudlet,2700,10000,0
236,LINK,5,1,water_pipe_control,10.0005,sensor_to_cloudlet,2700,10000,1
237,LINK,6,1,water_pipe_control,10.0005,sensor_to_cloudlet,2700,10000,2
238,LINK,7,2,water_pipe_control,10.0005,sensor_to_cloudlet,2700,10000,3
239,LINK,8,2,water_pipe_control,10.0005,sensor_to_cloudlet,2700,10000,4
240,LINK,9,2,water_pipe_control,10.0005,sensor_to_cloudlet,2700,10000,5
241,LINK,10,3,water_pipe_control,10.0005,sensor_to_cloudlet,2700,10000,6
242,LINK,11,3,water_pipe_control,10.0005,sensor_to_cloudlet,2700,10000,7
243,LINK,12,3,water_pipe_control,10.0005,sensor_to_cloudlet,2700,10000,8
235,LINK,1,4,water_pipe_control,10.00025,cloudlet_to_valve,2715.0005,5000,0
235,LINK,1,0,water_pipe_control,6.0,cloudlet_to_cloud,2715.0005,20000000,1
238,LINK,2,7,water_pipe_control,10.00025,cloudlet_to_valve,2715.0005,5000,2
238,LINK,2,0,water_pipe_control,6.0,cloudlet_to_cloud,2715.0005,20000000,3
241,LINK,3,10,water_pipe_control,10.00025,cloudlet_to_valve,2715.0005,5000,4
241,LINK,3,0,water_pipe_control,6.0,cloudlet_to_cloud,2715.0005,20000000,5
236,LINK,1,4,water_pipe_control,10.00025,cloudlet_to_valve,2720.0005,5000,6
236,LINK,1,0,water_pipe_control,6.0,cloudlet_to_cloud,2720.0005,20000000,7
239,LINK,2,7,water_pipe_control,10.00025,cloudlet_to_valve,2720.0005,5000,8
239,LINK,2,0,water_pipe_control,6.0,cloudlet_to_cloud,2720.0005,20000000,9
242,LINK,3,10,water_pipe_control,10.00025,cloudlet_to_valve,2720.0005,5000,10
242,LINK,3,0,water_pipe_control,6.0,cloudlet_to_cloud,2720.0005,20000000,11
237,LINK,1,4,water_pipe_control,10.00025,cloudlet_to_valve,2725.0005,5000,9
237,LINK,1,0,water_pipe_control,6.0,cloudlet_to_cloud,2725.0005,20000000,10
240,LINK,2,7,water_pipe_control,10.00025,cloudlet_to_valve,2725.0005,5000,11
240,LINK,2,0,water_pipe_control,6.0,cloudlet_to_cloud,2725.0005,20000000,12
243,LINK,3,10,water_pipe_control,10.00025,cloudlet_to_valve,2725.0005,5000,13
243,LINK,3,0,water_pipe_control,6.0,cloudlet_to_cloud,2725.0005,20000000,14
244,LINK,4,1,water_pipe_control,10.0005,sensor_to_cloudlet,2800,10000,0
245,LINK,5,1,water_pipe_control,10.0005,sensor_to_cloudlet,2800,10000,1
246,LINK,6,1,water_pipe_control,10.0005,sensor_to_cloudlet,2800,10000,2
247,LINK,7,2,water_pipe_control,10.0005,sensor_to_cloudlet,2800,10000,3
248,LINK,8,2,water_pipe_control,10.0005,sensor_to_cloudlet,2800,10000,4
249,LINK,9,2,water_pipe_control,10.0005,sensor_to_cloudlet,2800,10000,5
250,LINK,10,3,water_pipe_control,10.0005,sensor_to_cloudlet,2800,10000,6
251,LINK,11,3,water_pipe_control,10.0005,sensor_to_cloudlet,2800,10000,7
252,LINK,12,3,water_pipe_control,10.0005,sensor_to_cloudlet,2800,10000,8
244,LINK,1,4,water_pipe_control,10.00025,cloudlet_to_valve,2815.0005,5000,0
244,LINK,1,0,water_pipe_control,6.0,cloudlet_to_cloud,2815.0005,20000000,1
247,LINK,2,7,water_pipe_control,10.00025,cloudlet_to_valve,2815.0005,5000,2
247,LINK,2,0,water_pipe_control,6.0,cloudlet_to_cloud,2815.0005,20000000,3
250,LINK,3,10,water_pipe_control,10.00025,cloudlet_to_valve,2815.0005,5000,4
250,LINK,3,0,water_pipe_control,6.0,cloudlet_to_cloud,2815.0005,20000000,5
245,LINK,1,4,water_pipe_control,10.00025,cloudlet_to_valve,2820.0005,5000,6
245,LINK,1,0,water_pipe_control,6.0,cloudlet_to_cloud,2820.0005,20000000,7
248,LINK,2,7,water_pipe_control,10.00025,cloudlet_to_valve,2820.0005,5000,8
248,LINK,2,0,water_pipe_control,6.0,cloudlet_to_cloud,2820.0005,20000000,9
251,LINK,3,10,water_pipe_control,10.00025,cloudlet_to_valve,2820.0005,5000,10
251,LINK,3,0,water_pipe_control,6.0,cloudlet_to_cloud,2820.0005,20000000,11
246,LINK,1,4,water_pipe_control,10.00025,cloudlet_to_valve,2825.0005,5000,9
246,LINK,1,0,water_pipe_control,6.0,cloudlet_to_cloud,2825.0005,20000000,10
249,LINK,2,7,water_pipe_control,10.00025,cloudlet_to_valve,2825.0005,5000,11
249,LINK,2,0,water_pipe_control,6.0,cloudlet_to_cloud,2825.0005,20000000,12
252,LINK,3,10,water_pipe_control,10.00025,cloudlet_to_valve,2825.0005,5000,13
252,LINK,3,0,water_pipe_control,6.0,cloudlet_to_cloud,2825.0005,20000000,14
253,LINK,4,1,water_pipe_control,10.0005,sensor_to_cloudlet,2900,10000,0
254,LINK,5,1,water_pipe_control,10.0005,sensor_to_cloudlet,2900,10000,1
255,LINK,6,1,water_pipe_control,10.0005,sensor_to_cloudlet,2900,10000,2
256,LINK,7,2,water_pipe_control,10.0005,sensor_to_cloudlet,2900,10000,3
257,LINK,8,2,water_pipe_control,10.0005,sensor_to_cloudlet,2900,10000,4
258,LINK,9,2,water_pipe_control,10.0005,sensor_to_cloudlet,2900,10000,5
259,LINK,10,3,water_pipe_control,10.0005,sensor_to_cloudlet,2900,10000,6
260,LINK,11,3,water_pipe_control,10.0005,sensor_to_cloudlet,2900,10000,7
261,LINK,12,3,water_pipe_control,10.0005,sensor_to_cloudlet,2900,10000,8
253,LINK,1,4,water_pipe_control,10.00025,cloudlet_to_valve,2915.0005,5000,0
253,LINK,1,0,water_pipe_control,6.0,cloudlet_to_cloud,2915.0005,20000000,1
256,LINK,2,7,water_pipe_control,10.00025,cloudlet_to_valve,2915.0005,5000,2
256,LINK,2,0,water_pipe_control,6.0,cloudlet_to_cloud,2915.0005,20000000,3
259,LINK,3,10,water_pipe_control,10.00025,cloudlet_to_valve,2915.0005,5000,4
259,LINK,3,0,water_pipe_control,6.0,cloudlet_to_cloud,2915.0005,20000000,5
254,LINK,1,4,water_pipe_control,10.00025,cloudlet_to_valve,2920.0005,5000,6
254,LINK,1,0,water_pipe_control,6.0,cloudlet_to_cloud,2920.0005,20000000,7
257,LINK,2,7,water_pipe_control,10.00025,cloudlet_to_valve,2920.0005,5000,8
257,LINK,2,0,water_pipe_control,6.0,cloudlet_to_cloud,2920.0005,20000000,9
260,LINK,3,10,water_pipe_control,10.00025,cloudlet_to_valve,2920.0005,5000,10
260,LINK,3,0,water_pipe_control,6.0,cloudlet_to_cloud,2920.0005,20000000,11
255,LINK,1,4,water_pipe_control,10.00025,cloudlet_to_valve,2925.0005,5000,9
255,LINK,1,0,water_pipe_control,6.0,cloudlet_to_cloud,2925.0005,20000000,10
258,LINK,2,7,water_pipe_control,10.00025,cloudlet_to_valve,2925.0005,5000,11
258,LINK,2,0,water_pipe_control,6.0,cloudlet_to_cloud,2925.0005,20000000,12
261,LINK,3,10,water_pipe_control,10.00025,cloudlet_to_valve,2925.0005,5000,13
261,LINK,3,0,water_pipe_control,6.0,cloudlet_to_cloud,2925.0005,20000000,14
262,LINK,4,1,water_pipe_control,10.0005,sensor_to_cloudlet,3000,10000,0
263,LINK,5,1,water_pipe_control,10.0005,sensor_to_cloudlet,3000,10000,1
264,LINK,6,1,water_pipe_control,10.0005,sensor_to_cloudlet,3000,10000,2
265,LINK,7,2,water_pipe_control,10.0005,sensor_to_cloudlet,3000,10000,3
266,LINK,8,2,water_pipe_control,10.0005,sensor_to_cloudlet,3000,10000,4
267,LINK,9,2,water_pipe_control,10.0005,sensor_to_cloudlet,3000,10000,5
268,LINK,10,3,water_pipe_control,10.0005,sensor_to_cloudlet,3000,10000,6
269,LINK,11,3,water_pipe_control,10.0005,sensor_to_cloudlet,3000,10000,7
270,LINK,12,3,water_pipe_control,10.0005,sensor_to_cloudlet,3000,10000,8
262,LINK,1,4,water_pipe_control,10.00025,cloudlet_to_valve,3015.0005,5000,0
262,LINK,1,0,water_pipe_control,6.0,cloudlet_to_cloud,3015.0005,20000000,1
265,LINK,2,7,water_pipe_control,10.00025,cloudlet_to_valve,3015.0005,5000,2
265,LINK,2,0,water_pipe_control,6.0,cloudlet_to_cloud,3015.0005,20000000,3
268,LINK,3,10,water_pipe_control,10.00025,cloudlet_to_valve,3015.0005,5000,4
268,LINK,3,0,water_pipe_control,6.0,cloudlet_to_cloud,3015.0005,20000000,5
263,LINK,1,4,water_pipe_control,10.00025,cloudlet_to_valve,3020.0005,5000,6
263,LINK,1,0,water_pipe_control,6.0,cloudlet_to_cloud,3020.0005,20000000,7
266,LINK,2,7,water_pipe_control,10.00025,cloudlet_to_valve,3020.0005,5000,8
266,LINK,2,0,water_pipe_control,6.0,cloudlet_to_cloud,3020.0005,20000000,9
269,LINK,3,10,water_pipe_control,10.00025,cloudlet_to_valve,3020.0005,5000,10
269,LINK,3,0,water_pipe_control,6.0,cloudlet_to_cloud,3020.0005,20000000,11
264,LINK,1,4,water_pipe_control,10.00025,cloudlet_to_valve,3025.0005,5000,9
264,LINK,1,0,water_pipe_control,6.0,cloudlet_to_cloud,3025.0005,20000000,10
267,LINK,2,7,water_pipe_control,10.00025,cloudlet_to_valve,3025.0005,5000,11
267,LINK,2,0,water_pipe_control,6.0,cloudlet_to_cloud,3025.0005,20000000,12
270,LINK,3,10,water_pipe_control,10.00025,cloudlet_to_valve,3025.0005,5000,13
270,LINK,3,0,water_pipe_control,6.0,cloudlet_to_cloud,3025.0005,20000000,14
271,LINK,4,1,water_pipe_control,10.0005,sensor_to_cloudlet,3100,10000,0
272,LINK,5,1,water_pipe_control,10.0005,sensor_to_cloudlet,3100,10000,1
273,LINK,6,1,water_pipe_control,10.0005,sensor_to_cloudlet,3100,10000,2
274,LINK,7,2,water_pipe_control,10.0005,sensor_to_cloudlet,3100,10000,3
275,LINK,8,2,water_pipe_control,10.0005,sensor_to_cloudlet,3100,10000,4
276,LINK,9,2,water_pipe_control,10.0005,sensor_to_cloudlet,3100,10000,5
277,LINK,10,3,water_pipe_control,10.0005,sensor_to_cloudlet,3100,10000,6
278,LINK,11,3,water_pipe_control,10.0005,sensor_to_cloudlet,3100,10000,7
279,LINK,12,3,water_pipe_control,10.0005,sensor_to_cloudlet,3100,10000,8
271,LINK,1,4,water_pipe_control,10.00025,cloudlet_to_valve,3115.0005,5000,0
271,LINK,1,0,water_pipe_control,6.0,cloudlet_to_cloud,3115.0005,20000000,1
274,LINK,2,7,water_pipe_control,10.00025,cloudlet_to_valve,3115.0005,5000,2
274,LINK,2,0,water_pipe_control,6.0,cloudlet_to_cloud,3115.0005,20000000,3
277,LINK,3,10,water_pipe_control,10.00025,cloudlet_to_valve,3115.0005,5000,4
277,LINK,3,0,water_pipe_control,6.0,cloudlet_to_cloud,3115.0005,20000000,5
272,LINK,1,4,water_pipe_control,10.00025,cloudlet_to_valve,3120.0005,5000,6
272,LINK,1,0,water_pipe_control,6.0,cloudlet_to_cloud,3120.0005,20000000,7
275,LINK,2,7,water_pipe_control,10.00025,cloudlet_to_valve,3120.0005,5000,8
275,LINK,2,0,water_pipe_control,6.0,cloudlet_to_cloud,3120.0005,20000000,9
278,LINK,3,10,water_pipe_control,10.00025,cloudlet_to_valve,3120.0005,5000,10
278,LINK,3,0,water_pipe_control,6.0,cloudlet_to_cloud,3120.0005,20000000,11
273,LINK,1,4,water_pipe_control,10.00025,cloudlet_to_valve,3125.0005,5000,9
273,LINK,1,0,water_pipe_control,6.0,cloudlet_to_cloud,3125.0005,20000000,10
276,LINK,2,7,water_pipe_control,10.00025,cloudlet_to_valve,3125.0005,5000,11
276,LINK,2,0,water_pipe_control,6.0,cloudlet_to_cloud,3125.0005,20000000,12
279,LINK,3,10,water_pipe_control,10.00025,cloudlet_to_valve,3125.0005,5000,13
279,LINK,3,0,water_pipe_control,6.0,cloudlet_to_cloud,3125.0005,20000000,14
280,LINK,4,1,water_pipe_control,10.0005,sensor_to_cloudlet,3200,10000,0
281,LINK,5,1,water_pipe_control,10.0005,sensor_to_cloudlet,3200,10000,1
282,LINK,6,1,water_pipe_control,10.0005,sensor_to_cloudlet,3200,10000,2
283,LINK,7,2,water_pipe_control,10.0005,sensor_to_cloudlet,3200,10000,3
284,LINK,8,2,water_pipe_control,10.0005,sensor_to_cloudlet,3200,10000,4
285,LINK,9,2,water_pipe_control,10.0005,sensor_to_cloudlet,3200,10000,5
286,LINK,10,3,water_pipe_control,10.0005,sensor_to_cloudlet,3200,10000,6
287,LINK,11,3,water_pipe_control,10.0005,sensor_to_cloudlet,3200,10000,7
288,LINK,12,3,water_pipe_control,10.0005,sensor_to_cloudlet,3200,10000,8
280,LINK,1,4,water_pipe_control,10.00025,cloudlet_to_valve,3215.0005,5000,0
280,LINK,1,0,water_pipe_control,6.0,cloudlet_to_cloud,3215.0005,20000000,1
283,LINK,2,7,water_pipe_control,10.00025,cloudlet_to_valve,3215.0005,5000,2
283,LINK,2,0,water_pipe_control,6.0,cloudlet_to_cloud,3215.0005,20000000,3
286,LINK,3,10,water_pipe_control,10.00025,cloudlet_to_valve,3215.0005,5000,4
286,LINK,3,0,water_pipe_control,6.0,cloudlet_to_cloud,3215.0005,20000000,5
281,LINK,1,4,water_pipe_control,10.00025,cloudlet_to_valve,3220.0005,5000,6
281,LINK,1,0,water_pipe_control,6.0,cloudlet_to_cloud,3220.0005,20000000,7
284,LINK,2,7,water_pipe_control,10.00025,cloudlet_to_valve,3220.0005,5000,8
284,LINK,2,0,water_pipe_control,6.0,cloudlet_to_cloud,3220.0005,20000000,9
287,LINK,3,10,water_pipe_control,10.00025,cloudlet_to_valve,3220.0005,5000,10
287,LINK,3,0,water_pipe_control,6.0,cloudlet_to_cloud,3220.0005,20000000,11
282,LINK,1,4,water_pipe_control,10.00025,cloudlet_to_valve,3225.0005,5000,9
282,LINK,1,0,water_pipe_control,6.0,cloudlet_to_cloud,3225.0005,20000000,10
285,LINK,2,7,water_pipe_control,10.00025,cloudlet_to_valve,3225.0005,5000,11
285,LINK,2,0,water_pipe_control,6.0,cloudlet_to_cloud,3225.0005,20000000,12
288,LINK,3,10,water_pipe_control,10.00025,cloudlet_to_valve,3225.0005,5000,13
288,LINK,3,0,water_pipe_control,6.0,cloudlet_to_cloud,3225.0005,20000000,14
289,LINK,4,1,water_pipe_control,10.0005,sensor_to_cloudlet,3300,10000,0
290,LINK,5,1,water_pipe_control,10.0005,sensor_to_cloudlet,3300,10000,1
291,LINK,6,1,water_pipe_control,10.0005,sensor_to_cloudlet,3300,10000,2
292,LINK,7,2,water_pipe_control,10.0005,sensor_to_cloudlet,3300,10000,3
293,LINK,8,2,water_pipe_control,10.0005,sensor_to_cloudlet,3300,10000,4
294,LINK,9,2,water_pipe_control,10.0005,sensor_to_cloudlet,3300,10000,5
295,LINK,10,3,water_pipe_control,10.0005,sensor_to_cloudlet,3300,10000,6
296,LINK,11,3,water_pipe_control,10.0005,sensor_to_cloudlet,3300,10000,7
297,LINK,12,3,water_pipe_control,10.0005,sensor_to_cloudlet,3300,10000,8
289,LINK,1,4,water_pipe_control,10.00025,cloudlet_to_valve,3315.0005,5000,0
289,LINK,1,0,water_pipe_control,6.0,cloudlet_to_cloud,3315.0005,20000000,1
292,LINK,2,7,water_pipe_control,10.00025,cloudlet_to_valve,3315.0005,5000,2
292,LINK,2,0,water_pipe_control,6.0,cloudlet_to_cloud,3315.0005,20000000,3
295,LINK,3,10,water_pipe_control,10.00025,cloudlet_to_valve,3315.0005,5000,4
295,LINK,3,0,water_pipe_control,6.0,cloudlet_to_cloud,3315.0005,20000000,5
290,LINK,1,4,water_pipe_control,10.00025,cloudlet_to_valve,3320.0005,5000,6
290,LINK,1,0,water_pipe_control,6.0,cloudlet_to_cloud,3320.0005,20000000,7
293,LINK,2,7,water_pipe_control,10.00025,cloudlet_to_valve,3320.0005,5000,8
293,LINK,2,0,water_pipe_control,6.0,cloudlet_to_cloud,3320.0005,20000000,9
296,LINK,3,10,water_pipe_control,10.00025,cloudlet_to_valve,3320.0005,5000,10
296,LINK,3,0,water_pipe_control,6.0,cloudlet_to_cloud,3320.0005,20000000,11
291,LINK,1,4,water_pipe_control,10.00025,cloudlet_to_valve,3325.0005,5000,9
291,LINK,1,0,water_pipe_control,6.0,cloudlet_to_cloud,3325.0005,20000000,10
294,LINK,2,7,water_pipe_control,10.00025,cloudlet_to_valve,3325.0005,5000,11
294,LINK,2,0,water_pipe_control,6.0,cloudlet_to_cloud,3325.0005,20000000,12
297,LINK,3,10,water_pipe_control,10.00025,cloudlet_to_valve,3325.0005,5000,13
297,LINK,3,0,water_pipe_control,6.0,cloudlet_to_cloud,3325.0005,20000000,14
298,LINK,4,1,water_pipe_control,10.0005,sensor_to_cloudlet,3400,10000,0
299,LINK,5,1,water_pipe_control,10.0005,sensor_to_cloudlet,3400,10000,1
300,LINK,6,1,water_pipe_control,10.0005,sensor_to_cloudlet,3400,10000,2
301,LINK,7,2,water_pipe_control,10.0005,sensor_to_cloudlet,3400,10000,3
302,LINK,8,2,water_pipe_control,10.0005,sensor_to_cloudlet,3400,10000,4
303,LINK,9,2,water_pipe_control,10.0005,sensor_to_cloudlet,3400,10000,5
304,LINK,10,3,water_pipe_control,10.0005,sensor_to_cloudlet,3400,10000,6
305,LINK,11,3,water_pipe_control,10.0005,sensor_to_cloudlet,3400,10000,7
306,LINK,12,3,water_pipe_control,10.0005,sensor_to_cloudlet,3400,10000,8
298,LINK,1,4,water_pipe_control,10.00025,cloudlet_to_valve,3415.0005,5000,0
298,LINK,1,0,water_pipe_control,6.0,cloudlet_to_cloud,3415.0005,20000000,1
301,LINK,2,7,water_pipe_control,10.00025,cloudlet_to_valve,3415.0005,5000,2
301,LINK,2,0,water_pipe_control,6.0,cloudlet_to_cloud,3415.0005,20000000,3
304,LINK,3,10,water_pipe_control,10.00025,cloudlet_to_valve,3415.0005,5000,4
304,LINK,3,0,water_pipe_control,6.0,cloudlet_to_cloud,3415.0005,20000000,5
299,LINK,1,4,water_pipe_control,10.00025,cloudlet_to_valve,3420.0005,5000,6
299,LINK,1,0,water_pipe_control,6.0,cloudlet_to_cloud,3420.0005,20000000,7
302,LINK,2,7,water_pipe_control,10.00025,cloudlet_to_valve,3420.0005,5000,8
302,LINK,2,0,water_pipe_control,6.0,cloudlet_to_cloud,3420.0005,20000000,9
305,LINK,3,10,water_pipe_control,10.00025,cloudlet_to_valve,3420.0005,5000,10
305,LINK,3,0,water_pipe_control,6.0,cloudlet_to_cloud,3420.0005,20000000,11
300,LINK,1,4,water_pipe_control,10.00025,cloudlet_to_valve,3425.0005,5000,9
300,LINK,1,0,water_pipe_control,6.0,cloudlet_to_cloud,3425.0005,20000000,10
303,LINK,2,7,water_pipe_control,10.00025,cloudlet_to_valve,3425.0005,5000,11
303,LINK,2,0,water_pipe_control,6.0,cloudlet_to_cloud,3425.0005,20000000,12
306,LINK,3,10,water_pipe_control,10.00025,cloudlet_to_valve,3425.0005,5000,13
306,LINK,3,0,water_pipe_control,6.0,cloudlet_to_cloud,3425.0005,20000000,14
307,LINK,4,1,water_pipe_control,10.0005,sensor_to_cloudlet,3500,10000,0
308,LINK,5,1,water_pipe_control,10.0005,sensor_to_cloudlet,3500,10000,1
309,LINK,6,1,water_pipe_control,10.0005,sensor_to_cloudlet,3500,10000,2
310,LINK,7,2,water_pipe_control,10.0005,sensor_to_cloudlet,3500,10000,3
311,LINK,8,2,water_pipe_control,10.0005,sensor_to_cloudlet,3500,10000,4
312,LINK,9,2,water_pipe_control,10.0005,sensor_to_cloudlet,3500,10000,5
313,LINK,10,3,water_pipe_control,10.0005,sensor_to_cloudlet,3500,10000,6
314,LINK,11,3,water_pipe_control,10.0005,sensor_to_cloudlet,3500,10000,7
315,LINK,12,3,water_pipe_control,10.0005,sensor_to_cloudlet,3500,10000,8
307,LINK,1,4,water_pipe_control,10.00025,cloudlet_to_valve,3515.0005,5000,0
307,LINK,1,0,water_pipe_control,6.0,cloudlet_to_cloud,3515.0005,20000000,1
310,LINK,2,7,water_pipe_control,10.00025,cloudlet_to_valve,3515.0005,5000,2
310,LINK,2,0,water_pipe_control,6.0,cloudlet_to_cloud,3515.0005,20000000,3
313,LINK,3,10,water_pipe_control,10.00025,cloudlet_to_valve,3515.0005,5000,4
313,LINK,3,0,water_pipe_control,6.0,cloudlet_to_cloud,3515.0005,20000000,5
308,LINK,1,4,water_pipe_control,10.00025,cloudlet_to_valve,3520.0005,5000,6
308,LINK,1,0,water_pipe_control,6.0,cloudlet_to_cloud,3520.0005,20000000,7
311,LINK,2,7,water_pipe_control,10.00025,cloudlet_to_valve,3520.0005,5000,8
311,LINK,2,0,water_pipe_control,6.0,cloudlet_to_cloud,3520.0005,20000000,9
314,LINK,3,10,water_pipe_control,10.00025,cloudlet_to_valve,3520.0005,5000,10
314,LINK,3,0,water_pipe_control,6.0,cloudlet_to_cloud,3520.0005,20000000,11
309,LINK,1,4,water_pipe_control,10.00025,cloudlet_to_valve,3525.0005,5000,9
309,LINK,1,0,water_pipe_control,6.0,cloudlet_to_cloud,3525.0005,20000000,10
312,LINK,2,7,water_pipe_control,10.00025,cloudlet_to_valve,3525.0005,5000,11
312,LINK,2,0,water_pipe_control,6.0,cloudlet_to_cloud,3525.0005,20000000,12
315,LINK,3,10,water_pipe_control,10.00025,cloudlet_to_valve,3525.0005,5000,13
315,LINK,3,0,water_pipe_control,6.0,cloudlet_to_cloud,3525.0005,20000000,14
316,LINK,4,1,water_pipe_control,10.0005,sensor_to_cloudlet,3600,10000,0
317,LINK,5,1,water_pipe_control,10.0005,sensor_to_cloudlet,3600,10000,1
318,LINK,6,1,water_pipe_control,10.0005,sensor_to_cloudlet,3600,10000,2
319,LINK,7,2,water_pipe_control,10.0005,sensor_to_cloudlet,3600,10000,3
320,LINK,8,2,water_pipe_control,10.0005,sensor_to_cloudlet,3600,10000,4
321,LINK,9,2,water_pipe_control,10.0005,sensor_to_cloudlet,3600,10000,5
322,LINK,10,3,water_pipe_control,10.0005,sensor_to_cloudlet,3600,10000,6
323,LINK,11,3,water_pipe_control,10.0005,sensor_to_cloudlet,3600,10000,7
324,LINK,12,3,water_pipe_control,10.0005,sensor_to_cloudlet,3600,10000,8
316,LINK,1,4,water_pipe_control,10.00025,cloudlet_to_valve,3615.0005,5000,0
316,LINK,1,0,water_pipe_control,6.0,cloudlet_to_cloud,3615.0005,20000000,1
319,LINK,2,7,water_pipe_control,10.00025,cloudlet_to_valve,3615.0005,5000,2
319,LINK,2,0,water_pipe_control,6.0,cloudlet_to_cloud,3615.0005,20000000,3
322,LINK,3,10,water_pipe_control,10.00025,cloudlet_to_valve,3615.0005,5000,4
322,LINK,3,0,water_pipe_control,6.0,cloudlet_to_cloud,3615.0005,20000000,5
317,LINK,1,4,water_pipe_control,10.00025,cloudlet_to_valve,3620.0005,5000,6
317,LINK,1,0,water_pipe_control,6.0,cloudlet_to_cloud,3620.0005,20000000,7
320,LINK,2,7,water_pipe_control,10.00025,cloudlet_to_valve,3620.0005,5000,8
320,LINK,2,0,water_pipe_control,6.0,cloudlet_to_cloud,3620.0005,20000000,9
323,LINK,3,10,water_pipe_control,10.00025,cloudlet_to_valve,3620.0005,5000,10
323,LINK,3,0,water_pipe_control,6.0,cloudlet_to_cloud,3620.0005,20000000,11
318,LINK,1,4,water_pipe_control,10.00025,cloudlet_to_valve,3625.0005,5000,9
318,LINK,1,0,water_pipe_control,6.0,cloudlet_to_cloud,3625.0005,20000000,10
321,LINK,2,7,water_pipe_control,10.00025,cloudlet_to_valve,3625.0005,5000,11
321,LINK,2,0,water_pipe_control,6.0,cloudlet_to_cloud,3625.0005,20000000,12
324,LINK,3,10,water_pipe_control,10.00025,cloudlet_to_valve,3625.0005,5000,13
324,LINK,3,0,water_pipe_control,6.0,cloudlet_to_cloud,3625.0005,20000000,14
325,LINK,4,1,water_pipe_control,10.0005,sensor_to_cloudlet,3700,10000,0
326,LINK,5,1,water_pipe_control,10.0005,sensor_to_cloudlet,3700,10000,1
327,LINK,6,1,water_pipe_control,10.0005,sensor_to_cloudlet,3700,10000,2
328,LINK,7,2,water_pipe_control,10.0005,sensor_to_cloudlet,3700,10000,3
329,LINK,8,2,water_pipe_control,10.0005,sensor_to_cloudlet,3700,10000,4
330,LINK,9,2,water_pipe_control,10.0005,sensor_to_cloudlet,3700,10000,5
331,LINK,10,3,water_pipe_control,10.0005,sensor_to_cloudlet,3700,10000,6
332,LINK,11,3,water_pipe_control,10.0005,sensor_to_cloudlet,3700,10000,7
333,LINK,12,3,water_pipe_control,10.0005,sensor_to_cloudlet,3700,10000,8
325,LINK,1,4,water_pipe_control,10.00025,cloudlet_to_valve,3715.0005,5000,0
325,LINK,1,0,water_pipe_control,6.0,cloudlet_to_cloud,3715.0005,20000000,1
328,LINK,2,7,water_pipe_control,10.00025,cloudlet_to_valve,3715.0005,5000,2
328,LINK,2,0,water_pipe_control,6.0,cloudlet_to_cloud,3715.0005,20000000,3
331,LINK,3,10,water_pipe_control,10.00025,cloudlet_to_valve,3715.0005,5000,4
331,LINK,3,0,water_pipe_control,6.0,cloudlet_to_cloud,3715.0005,20000000,5
326,LINK,1,4,water_pipe_control,10.00025,cloudlet_to_valve,3720.0005,5000,6
326,LINK,1,0,water_pipe_control,6.0,cloudlet_to_cloud,3720.0005,20000000,7
329,LINK,2,7,water_pipe_control,10.00025,cloudlet_to_valve,3720.0005,5000,8
329,LINK,2,0,water_pipe_control,6.0,cloudlet_to_cloud,3720.0005,20000000,9
332,LINK,3,10,water_pipe_control,10.00025,cloudlet_to_valve,3720.0005,5000,10
332,LINK,3,0,water_pipe_control,6.0,cloudlet_to_cloud,3720.0005,20000000,11
327,LINK,1,4,water_pipe_control,10.00025,cloudlet_to_valve,3725.0005,5000,9
327,LINK,1,0,water_pipe_control,6.0,cloudlet_to_cloud,3725.0005,20000000,10
330,LINK,2,7,water_pipe_control,10.00025,cloudlet_to_valve,3725.0005,5000,11
330,LINK,2,0,water_pipe_control,6.0,cloudlet_to_cloud,3725.0005,20000000,12
333,LINK,3,10,water_pipe_control,10.00025,cloudlet_to_valve,3725.0005,5000,13
333,LINK,3,0,water_pipe_control,6.0,cloudlet_to_cloud,3725.0005,20000000,14
334,LINK,4,1,water_pipe_control,10.0005,sensor_to_cloudlet,3800,10000,0
335,LINK,5,1,water_pipe_control,10.0005,sensor_to_cloudlet,3800,10000,1
336,LINK,6,1,water_pipe_control,10.0005,sensor_to_cloudlet,3800,10000,2
337,LINK,7,2,water_pipe_control,10.0005,sensor_to_cloudlet,3800,10000,3
338,LINK,8,2,water_pipe_control,10.0005,sensor_to_cloudlet,3800,10000,4
339,LINK,9,2,water_pipe_control,10.0005,sensor_to_cloudlet,3800,10000,5
340,LINK,10,3,water_pipe_control,10.0005,sensor_to_cloudlet,3800,10000,6
341,LINK,11,3,water_pipe_control,10.0005,sensor_to_cloudlet,3800,10000,7
342,LINK,12,3,water_pipe_control,10.0005,sensor_to_cloudlet,3800,10000,8
334,LINK,1,4,water_pipe_control,10.00025,cloudlet_to_valve,3815.0005,5000,0
334,LINK,1,0,water_pipe_control,6.0,cloudlet_to_cloud,3815.0005,20000000,1
337,LINK,2,7,water_pipe_control,10.00025,cloudlet_to_valve,3815.0005,5000,2
337,LINK,2,0,water_pipe_control,6.0,cloudlet_to_cloud,3815.0005,20000000,3
340,LINK,3,10,water_pipe_control,10.00025,cloudlet_to_valve,3815.0005,5000,4
340,LINK,3,0,water_pipe_control,6.0,cloudlet_to_cloud,3815.0005,20000000,5
335,LINK,1,4,water_pipe_control,10.00025,cloudlet_to_valve,3820.0005,5000,6
335,LINK,1,0,water_pipe_control,6.0,cloudlet_to_cloud,3820.0005,20000000,7
338,LINK,2,7,water_pipe_control,10.00025,cloudlet_to_valve,3820.0005,5000,8
338,LINK,2,0,water_pipe_control,6.0,cloudlet_to_cloud,3820.0005,20000000,9
341,LINK,3,10,water_pipe_control,10.00025,cloudlet_to_valve,3820.0005,5000,10
341,LINK,3,0,water_pipe_control,6.0,cloudlet_to_cloud,3820.0005,20000000,11
336,LINK,1,4,water_pipe_control,10.00025,cloudlet_to_valve,3825.0005,5000,9
336,LINK,1,0,water_pipe_control,6.0,cloudlet_to_cloud,3825.0005,20000000,10
339,LINK,2,7,water_pipe_control,10.00025,cloudlet_to_valve,3825.0005,5000,11
339,LINK,2,0,water_pipe_control,6.0,cloudlet_to_cloud,3825.0005,20000000,12
342,LINK,3,10,water_pipe_control,10.00025,cloudlet_to_valve,3825.0005,5000,13
342,LINK,3,0,water_pipe_control,6.0,cloudlet_to_cloud,3825.0005,20000000,14
343,LINK,4,1,water_pipe_control,10.0005,sensor_to_cloudlet,3900,10000,0
344,LINK,5,1,water_pipe_control,10.0005,sensor_to_cloudlet,3900,10000,1
345,LINK,6,1,water_pipe_control,10.0005,sensor_to_cloudlet,3900,10000,2
346,LINK,7,2,water_pipe_control,10.0005,sensor_to_cloudlet,3900,10000,3
347,LINK,8,2,water_pipe_control,10.0005,sensor_to_cloudlet,3900,10000,4
348,LINK,9,2,water_pipe_control,10.0005,sensor_to_cloudlet,3900,10000,5
349,LINK,10,3,water_pipe_control,10.0005,sensor_to_cloudlet,3900,10000,6
350,LINK,11,3,water_pipe_control,10.0005,sensor_to_cloudlet,3900,10000,7
351,LINK,12,3,water_pipe_control,10.0005,sensor_to_cloudlet,3900,10000,8
343,LINK,1,4,water_pipe_control,10.00025,cloudlet_to_valve,3915.0005,5000,0
343,LINK,1,0,water_pipe_control,6.0,cloudlet_to_cloud,3915.0005,20000000,1
346,LINK,2,7,water_pipe_control,10.00025,cloudlet_to_valve,3915.0005,5000,2
346,LINK,2,0,water_pipe_control,6.0,cloudlet_to_cloud,3915.0005,20000000,3
349,LINK,3,10,water_pipe_control,10.00025,cloudlet_to_valve,3915.0005,5000,4
349,LINK,3,0,water_pipe_control,6.0,cloudlet_to_cloud,3915.0005,20000000,5
344,LINK,1,4,water_pipe_control,10.00025,cloudlet_to_valve,3920.0005,5000,6
344,LINK,1,0,water_pipe_control,6.0,cloudlet_to_cloud,3920.0005,20000000,7
347,LINK,2,7,water_pipe_control,10.00025,cloudlet_to_valve,3920.0005,5000,8
347,LINK,2,0,water_pipe_control,6.0,cloudlet_to_cloud,3920.0005,20000000,9
350,LINK,3,10,water_pipe_control,10.00025,cloudlet_to_valve,3920.0005,5000,10
350,LINK,3,0,water_pipe_control,6.0,cloudlet_to_cloud,3920.0005,20000000,11
345,LINK,1,4,water_pipe_control,10.00025,cloudlet_to_valve,3925.0005,5000,9
345,LINK,1,0,water_pipe_control,6.0,cloudlet_to_cloud,3925.0005,20000000,10
348,LINK,2,7,water_pipe_control,10.00025,cloudlet_to_valve,3925.0005,5000,11
348,LINK,2,0,water_pipe_control,6.0,cloudlet_to_cloud,3925.0005,20000000,12
351,LINK,3,10,water_pipe_control,10.00025,cloudlet_to_valve,3925.0005,5000,13
351,LINK,3,0,water_pipe_control,6.0,cloudlet_to_cloud,3925.0005,20000000,14
352,LINK,4,1,water_pipe_control,10.0005,sensor_to_cloudlet,4000,10000,0
353,LINK,5,1,water_pipe_control,10.0005,sensor_to_cloudlet,4000,10000,1
354,LINK,6,1,water_pipe_control,10.0005,sensor_to_cloudlet,4000,10000,2
355,LINK,7,2,water_pipe_control,10.0005,sensor_to_cloudlet,4000,10000,3
356,LINK,8,2,water_pipe_control,10.0005,sensor_to_cloudlet,4000,10000,4
357,LINK,9,2,water_pipe_control,10.0005,sensor_to_cloudlet,4000,10000,5
358,LINK,10,3,water_pipe_control,10.0005,sensor_to_cloudlet,4000,10000,6
359,LINK,11,3,water_pipe_control,10.0005,sensor_to_cloudlet,4000,10000,7
360,LINK,12,3,water_pipe_control,10.0005,sensor_to_cloudlet,4000,10000,8
352,LINK,1,4,water_pipe_control,10.00025,cloudlet_to_valve,4015.0005,5000,0
352,LINK,1,0,water_pipe_control,6.0,cloudlet_to_cloud,4015.0005,20000000,1
355,LINK,2,7,water_pipe_control,10.00025,cloudlet_to_valve,4015.0005,5000,2
355,LINK,2,0,water_pipe_control,6.0,cloudlet_to_cloud,4015.0005,20000000,3
358,LINK,3,10,water_pipe_control,10.00025,cloudlet_to_valve,4015.0005,5000,4
358,LINK,3,0,water_pipe_control,6.0,cloudlet_to_cloud,4015.0005,20000000,5
353,LINK,1,4,water_pipe_control,10.00025,cloudlet_to_valve,4020.0005,5000,6
353,LINK,1,0,water_pipe_control,6.0,cloudlet_to_cloud,4020.0005,20000000,7
356,LINK,2,7,water_pipe_control,10.00025,cloudlet_to_valve,4020.0005,5000,8
356,LINK,2,0,water_pipe_control,6.0,cloudlet_to_cloud,4020.0005,20000000,9
359,LINK,3,10,water_pipe_control,10.00025,cloudlet_to_valve,4020.0005,5000,10
359,LINK,3,0,water_pipe_control,6.0,cloudlet_to_cloud,4020.0005,20000000,11
354,LINK,1,4,water_pipe_control,10.00025,cloudlet_to_valve,4025.0005,5000,9
354,LINK,1,0,water_pipe_control,6.0,cloudlet_to_cloud,4025.0005,20000000,10
357,LINK,2,7,water_pipe_control,10.00025,cloudlet_to_valve,4025.0005,5000,11
357,LINK,2,0,water_pipe_control,6.0,cloudlet_to_cloud,4025.0005,20000000,12
360,LINK,3,10,water_pipe_control,10.00025,cloudlet_to_valve,4025.0005,5000,13
360,LINK,3,0,water_pipe_control,6.0,cloudlet_to_cloud,4025.0005,20000000,14
361,LINK,4,1,water_pipe_control,10.0005,sensor_to_cloudlet,4100,10000,0
362,LINK,5,1,water_pipe_control,10.0005,sensor_to_cloudlet,4100,10000,1
363,LINK,6,1,water_pipe_control,10.0005,sensor_to_cloudlet,4100,10000,2
364,LINK,7,2,water_pipe_control,10.0005,sensor_to_cloudlet,4100,10000,3
365,LINK,8,2,water_pipe_control,10.0005,sensor_to_cloudlet,4100,10000,4
366,LINK,9,2,water_pipe_control,10.0005,sensor_to_cloudlet,4100,10000,5
367,LINK,10,3,water_pipe_control,10.0005,sensor_to_cloudlet,4100,10000,6
368,LINK,11,3,water_pipe_control,10.0005,sensor_to_cloudlet,4100,10000,7
369,LINK,12,3,water_pipe_control,10.0005,sensor_to_cloudlet,4100,10000,8
361,LINK,1,4,water_pipe_control,10.00025,cloudlet_to_valve,4115.0005,5000,0
361,LINK,1,0,water_pipe_control,6.0,cloudlet_to_cloud,4115.0005,20000000,1
364,LINK,2,7,water_pipe_control,10.00025,cloudlet_to_valve,4115.0005,5000,2
364,LINK,2,0,water_pipe_control,6.0,cloudlet_to_cloud,4115.0005,20000000,3
367,LINK,3,10,water_pipe_control,10.00025,cloudlet_to_valve,4115.0005,5000,4
367,LINK,3,0,water_pipe_control,6.0,cloudlet_to_cloud,4115.0005,20000000,5
362,LINK,1,4,water_pipe_control,10.00025,cloudlet_to_valve,4120.0005,5000,6
362,LINK,1,0,water_pipe_control,6.0,cloudlet_to_cloud,4120.0005,20000000,7
365,LINK,2,7,water_pipe_control,10.00025,cloudlet_to_valve,4120.0005,5000,8
365,LINK,2,0,water_pipe_control,6.0,cloudlet_to_cloud,4120.0005,20000000,9
368,LINK,3,10,water_pipe_control,10.00025,cloudlet_to_valve,4120.0005,5000,10
368,LINK,3,0,water_pipe_control,6.0,cloudlet_to_cloud,4120.0005,20000000,11
363,LINK,1,4,water_pipe_control,10.00025,cloudlet_to_valve,4125.0005,5000,9
363,LINK,1,0,water_pipe_control,6.0,cloudlet_to_cloud,4125.0005,20000000,10
366,LINK,2,7,water_pipe_control,10.00025,cloudlet_to_valve,4125.0005,5000,11
366,LINK,2,0,water_pipe_control,6.0,cloudlet_to_cloud,4125.0005,20000000,12
369,LINK,3,10,water_pipe_control,10.00025,cloudlet_to_valve,4125.0005,5000,13
369,LINK,3,0,water_pipe_control,6.0,cloudlet_to_cloud,4125.0005,20000000,14
370,LINK,4,1,water_pipe_control,10.0005,sensor_to_cloudlet,4200,10000,0
371,LINK,5,1,water_pipe_control,10.0005,sensor_to_cloudlet,4200,10000,1
372,LINK,6,1,water_pipe_control,10.0005,sensor_to_cloudlet,4200,10000,2
373,LINK,7,2,water_pipe_control,10.0005,sensor_to_cloudlet,4200,10000,3
374,LINK,8,2,water_pipe_control,10.0005,sensor_to_cloudlet,4200,10000,4
375,LINK,9,2,water_pipe_control,10.0005,sensor_to_cloudlet,4200,10000,5
376,LINK,10,3,water_pipe_control,10.0005,sensor_to_cloudlet,4200,10000,6
377,LINK,11,3,water_pipe_control,10.0005,sensor_to_cloudlet,4200,10000,7
378,LINK,12,3,water_pipe_control,10.0005,sensor_to_cloudlet,4200,10000,8
370,LINK,1,4,water_pipe_control,10.00025,cloudlet_to_valve,4215.0005,5000,0
370,LINK,1,0,water_pipe_control,6.0,cloudlet_to_cloud,4215.0005,20000000,1
373,LINK,2,7,water_pipe_control,10.00025,cloudlet_to_valve,4215.0005,5000,2
373,LINK,2,0,water_pipe_control,6.0,cloudlet_to_cloud,4215.0005,20000000,3
376,LINK,3,10,water_pipe_control,10.00025,cloudlet_to_valve,4215.0005,5000,4
376,LINK,3,0,water_pipe_control,6.0,cloudlet_to_cloud,4215.0005,20000000,5
371,LINK,1,4,water_pipe_control,10.00025,cloudlet_to_valve,4220.0005,5000,6
371,LINK,1,0,water_pipe_control,6.0,cloudlet_to_cloud,4220.0005,20000000,7
374,LINK,2,7,water_pipe_control,10.00025,cloudlet_to_valve,4220.0005,5000,8
374,LINK,2,0,water_pipe_control,6.0,cloudlet_to_cloud,4220.0005,20000000,9
377,LINK,3,10,water_pipe_control,10.00025,cloudlet_to_valve,4220.0005,5000,10
377,LINK,3,0,water_pipe_control,6.0,cloudlet_to_cloud,4220.0005,20000000,11
372,LINK,1,4,water_pipe_control,10.00025,cloudlet_to_valve,4225.0005,5000,9
372,LINK,1,0,water_pipe_control,6.0,cloudlet_to_cloud,4225.0005,20000000,10
375,LINK,2,7,water_pipe_control,10.00025,cloudlet_to_valve,4225.0005,5000,11
375,LINK,2,0,water_pipe_control,6.0,cloudlet_to_cloud,4225.0005,20000000,12
378,LINK,3,10,water_pipe_control,10.00025,cloudlet_to_valve,4225.0005,5000,13
378,LINK,3,0,water_pipe_control,6.0,cloudlet_to_cloud,4225.0005,20000000,14
379,LINK,4,1,water_pipe_control,10.0005,sensor_to_cloudlet,4300,10000,0
380,LINK,5,1,water_pipe_control,10.0005,sensor_to_cloudlet,4300,10000,1
381,LINK,6,1,water_pipe_control,10.0005,sensor_to_cloudlet,4300,10000,2
382,LINK,7,2,water_pipe_control,10.0005,sensor_to_cloudlet,4300,10000,3
383,LINK,8,2,water_pipe_control,10.0005,sensor_to_cloudlet,4300,10000,4
384,LINK,9,2,water_pipe_control,10.0005,sensor_to_cloudlet,4300,10000,5
385,LINK,10,3,water_pipe_control,10.0005,sensor_to_cloudlet,4300,10000,6
386,LINK,11,3,water_pipe_control,10.0005,sensor_to_cloudlet,4300,10000,7
387,LINK,12,3,water_pipe_control,10.0005,sensor_to_cloudlet,4300,10000,8
379,LINK,1,4,water_pipe_control,10.00025,cloudlet_to_valve,4315.0005,5000,0
379,LINK,1,0,water_pipe_control,6.0,cloudlet_to_cloud,4315.0005,20000000,1
382,LINK,2,7,water_pipe_control,10.00025,cloudlet_to_valve,4315.0005,5000,2
382,LINK,2,0,water_pipe_control,6.0,cloudlet_to_cloud,4315.0005,20000000,3
385,LINK,3,10,water_pipe_control,10.00025,cloudlet_to_valve,4315.0005,5000,4
385,LINK,3,0,water_pipe_control,6.0,cloudlet_to_cloud,4315.0005,20000000,5
380,LINK,1,4,water_pipe_control,10.00025,cloudlet_to_valve,4320.0005,5000,6
380,LINK,1,0,water_pipe_control,6.0,cloudlet_to_cloud,4320.0005,20000000,7
383,LINK,2,7,water_pipe_control,10.00025,cloudlet_to_valve,4320.0005,5000,8
383,LINK,2,0,water_pipe_control,6.0,cloudlet_to_cloud,4320.0005,20000000,9
386,LINK,3,10,water_pipe_control,10.00025,cloudlet_to_valve,4320.0005,5000,10
386,LINK,3,0,water_pipe_control,6.0,cloudlet_to_cloud,4320.0005,20000000,11
381,LINK,1,4,water_pipe_control,10.00025,cloudlet_to_valve,4325.0005,5000,9
381,LINK,1,0,water_pipe_control,6.0,cloudlet_to_cloud,4325.0005,20000000,10
384,LINK,2,7,water_pipe_control,10.00025,cloudlet_to_valve,4325.0005,5000,11
384,LINK,2,0,water_pipe_control,6.0,cloudlet_to_cloud,4325.0005,20000000,12
387,LINK,3,10,water_pipe_control,10.00025,cloudlet_to_valve,4325.0005,5000,13
387,LINK,3,0,water_pipe_control,6.0,cloudlet_to_cloud,4325.0005,20000000,14
388,LINK,4,1,water_pipe_control,10.0005,sensor_to_cloudlet,4400,10000,0
389,LINK,5,1,water_pipe_control,10.0005,sensor_to_cloudlet,4400,10000,1
390,LINK,6,1,water_pipe_control,10.0005,sensor_to_cloudlet,4400,10000,2
391,LINK,7,2,water_pipe_control,10.0005,sensor_to_cloudlet,4400,10000,3
392,LINK,8,2,water_pipe_control,10.0005,sensor_to_cloudlet,4400,10000,4
393,LINK,9,2,water_pipe_control,10.0005,sensor_to_cloudlet,4400,10000,5
394,LINK,10,3,water_pipe_control,10.0005,sensor_to_cloudlet,4400,10000,6
395,LINK,11,3,water_pipe_control,10.0005,sensor_to_cloudlet,4400,10000,7
396,LINK,12,3,water_pipe_control,10.0005,sensor_to_cloudlet,4400,10000,8
388,LINK,1,4,water_pipe_control,10.00025,cloudlet_to_valve,4415.0005,5000,0
388,LINK,1,0,water_pipe_control,6.0,cloudlet_to_cloud,4415.0005,20000000,1
391,LINK,2,7,water_pipe_control,10.00025,cloudlet_to_valve,4415.0005,5000,2
391,LINK,2,0,water_pipe_control,6.0,cloudlet_to_cloud,4415.0005,20000000,3
394,LINK,3,10,water_pipe_control,10.00025,cloudlet_to_valve,4415.0005,5000,4
394,LINK,3,0,water_pipe_control,6.0,cloudlet_to_cloud,4415.0005,20000000,5
389,LINK,1,4,water_pipe_control,10.00025,cloudlet_to_valve,4420.0005,5000,6
389,LINK,1,0,water_pipe_control,6.0,cloudlet_to_cloud,4420.0005,20000000,7
392,LINK,2,7,water_pipe_control,10.00025,cloudlet_to_valve,4420.0005,5000,8
392,LINK,2,0,water_pipe_control,6.0,cloudlet_to_cloud,4420.0005,20000000,9
395,LINK,3,10,water_pipe_control,10.00025,cloudlet_to_valve,4420.0005,5000,10
395,LINK,3,0,water_pipe_control,6.0,cloudlet_to_cloud,4420.0005,20000000,11
390,LINK,1,4,water_pipe_control,10.00025,cloudlet_to_valve,4425.0005,5000,9
390,LINK,1,0,water_pipe_control,6.0,cloudlet_to_cloud,4425.0005,20000000,10
393,LINK,2,7,water_pipe_control,10.00025,cloudlet_to_valve,4425.0005,5000,11
393,LINK,2,0,water_pipe_control,6.0,cloudlet_to_cloud,4425.0005,20000000,12
396,LINK,3,10,water_pipe_control,10.00025,cloudlet_to_valve,4425.0005,5000,13
396,LINK,3,0,water_pipe_control,6.0,cloudlet_to_cloud,4425.0005,20000000,14
397,LINK,4,1,water_pipe_control,10.0005,sensor_to_cloudlet,4500,10000,0
398,LINK,5,1,water_pipe_control,10.0005,sensor_to_cloudlet,4500,10000,1
399,LINK,6,1,water_pipe_control,10.0005,sensor_to_cloudlet,4500,10000,2
400,LINK,7,2,water_pipe_control,10.0005,sensor_to_cloudlet,4500,10000,3
401,LINK,8,2,water_pipe_control,10.0005,sensor_to_cloudlet,4500,10000,4
402,LINK,9,2,water_pipe_control,10.0005,sensor_to_cloudlet,4500,10000,5
403,LINK,10,3,water_pipe_control,10.0005,sensor_to_cloudlet,4500,10000,6
404,LINK,11,3,water_pipe_control,10.0005,sensor_to_cloudlet,4500,10000,7
405,LINK,12,3,water_pipe_control,10.0005,sensor_to_cloudlet,4500,10000,8
397,LINK,1,4,water_pipe_control,10.00025,cloudlet_to_valve,4515.0005,5000,0
397,LINK,1,0,water_pipe_control,6.0,cloudlet_to_cloud,4515.0005,20000000,1
400,LINK,2,7,water_pipe_control,10.00025,cloudlet_to_valve,4515.0005,5000,2
400,LINK,2,0,water_pipe_control,6.0,cloudlet_to_cloud,4515.0005,20000000,3
403,LINK,3,10,water_pipe_control,10.00025,cloudlet_to_valve,4515.0005,5000,4
403,LINK,3,0,water_pipe_control,6.0,cloudlet_to_cloud,4515.0005,20000000,5
398,LINK,1,4,water_pipe_control,10.00025,cloudlet_to_valve,4520.0005,5000,6
398,LINK,1,0,water_pipe_control,6.0,cloudlet_to_cloud,4520.0005,20000000,7
401,LINK,2,7,water_pipe_control,10.00025,cloudlet_to_valve,4520.0005,5000,8
401,LINK,2,0,water_pipe_control,6.0,cloudlet_to_cloud,4520.0005,20000000,9
404,LINK,3,10,water_pipe_control,10.00025,cloudlet_to_valve,4520.0005,5000,10
404,LINK,3,0,water_pipe_control,6.0,cloudlet_to_cloud,4520.0005,20000000,11
399,LINK,1,4,water_pipe_control,10.00025,cloudlet_to_valve,4525.0005,5000,9
399,LINK,1,0,water_pipe_control,6.0,cloudlet_to_cloud,4525.0005,20000000,10
402,LINK,2,7,water_pipe_control,10.00025,cloudlet_to_valve,4525.0005,5000,11
402,LINK,2,0,water_pipe_control,6.0,cloudlet_to_cloud,4525.0005,20000000,12
405,LINK,3,10,water_pipe_control,10.00025,cloudlet_to_valve,4525.0005,5000,13
405,LINK,3,0,water_pipe_control,6.0,cloudlet_to_cloud,4525.0005,20000000,14
406,LINK,4,1,water_pipe_control,10.0005,sensor_to_cloudlet,4600,10000,0
407,LINK,5,1,water_pipe_control,10.0005,sensor_to_cloudlet,4600,10000,1
408,LINK,6,1,water_pipe_control,10.0005,sensor_to_cloudlet,4600,10000,2
409,LINK,7,2,water_pipe_control,10.0005,sensor_to_cloudlet,4600,10000,3
410,LINK,8,2,water_pipe_control,10.0005,sensor_to_cloudlet,4600,10000,4
411,LINK,9,2,water_pipe_control,10.0005,sensor_to_cloudlet,4600,10000,5
412,LINK,10,3,water_pipe_control,10.0005,sensor_to_cloudlet,4600,10000,6
413,LINK,11,3,water_pipe_control,10.0005,sensor_to_cloudlet,4600,10000,7
414,LINK,12,3,water_pipe_control,10.0005,sensor_to_cloudlet,4600,10000,8
406,LINK,1,4,water_pipe_control,10.00025,cloudlet_to_valve,4615.0005,5000,0
406,LINK,1,0,water_pipe_control,6.0,cloudlet_to_cloud,4615.0005,20000000,1
409,LINK,2,7,water_pipe_control,10.00025,cloudlet_to_valve,4615.0005,5000,2
409,LINK,2,0,water_pipe_control,6.0,cloudlet_to_cloud,4615.0005,20000000,3
412,LINK,3,10,water_pipe_control,10.00025,cloudlet_to_valve,4615.0005,5000,4
412,LINK,3,0,water_pipe_control,6.0,cloudlet_to_cloud,4615.0005,20000000,5
407,LINK,1,4,water_pipe_control,10.00025,cloudlet_to_valve,4620.0005,5000,6
407,LINK,1,0,water_pipe_control,6.0,cloudlet_to_cloud,4620.0005,20000000,7
410,LINK,2,7,water_pipe_control,10.00025,cloudlet_to_valve,4620.0005,5000,8
410,LINK,2,0,water_pipe_control,6.0,cloudlet_to_cloud,4620.0005,20000000,9
413,LINK,3,10,water_pipe_control,10.00025,cloudlet_to_valve,4620.0005,5000,10
413,LINK,3,0,water_pipe_control,6.0,cloudlet_to_cloud,4620.0005,20000000,11
408,LINK,1,4,water_pipe_control,10.00025,cloudlet_to_valve,4625.0005,5000,9
408,LINK,1,0,water_pipe_control,6.0,cloudlet_to_cloud,4625.0005,20000000,10
411,LINK,2,7,water_pipe_control,10.00025,cloudlet_to_valve,4625.0005,5000,11
411,LINK,2,0,water_pipe_control,6.0,cloudlet_to_cloud,4625.0005,20000000,12
414,LINK,3,10,water_pipe_control,10.00025,cloudlet_to_valve,4625.0005,5000,13
414,LINK,3,0,water_pipe_control,6.0,cloudlet_to_cloud,4625.0005,20000000,14
415,LINK,4,1,water_pipe_control,10.0005,sensor_to_cloudlet,4700,10000,0
416,LINK,5,1,water_pipe_control,10.0005,sensor_to_cloudlet,4700,10000,1
417,LINK,6,1,water_pipe_control,10.0005,sensor_to_cloudlet,4700,10000,2
418,LINK,7,2,water_pipe_control,10.0005,sensor_to_cloudlet,4700,10000,3
419,LINK,8,2,water_pipe_control,10.0005,sensor_to_cloudlet,4700,10000,4
420,LINK,9,2,water_pipe_control,10.0005,sensor_to_cloudlet,4700,10000,5
421,LINK,10,3,water_pipe_control,10.0005,sensor_to_cloudlet,4700,10000,6
422,LINK,11,3,water_pipe_control,10.0005,sensor_to_cloudlet,4700,10000,7
423,LINK,12,3,water_pipe_control,10.0005,sensor_to_cloudlet,4700,10000,8
415,LINK,1,4,water_pipe_control,10.00025,cloudlet_to_valve,4715.0005,5000,0
415,LINK,1,0,water_pipe_control,6.0,cloudlet_to_cloud,4715.0005,20000000,1
418,LINK,2,7,water_pipe_control,10.00025,cloudlet_to_valve,4715.0005,5000,2
418,LINK,2,0,water_pipe_control,6.0,cloudlet_to_cloud,4715.0005,20000000,3
421,LINK,3,10,water_pipe_control,10.00025,cloudlet_to_valve,4715.0005,5000,4
421,LINK,3,0,water_pipe_control,6.0,cloudlet_to_cloud,4715.0005,20000000,5
416,LINK,1,4,water_pipe_control,10.00025,cloudlet_to_valve,4720.0005,5000,6
416,LINK,1,0,water_pipe_control,6.0,cloudlet_to_cloud,4720.0005,20000000,7
419,LINK,2,7,water_pipe_control,10.00025,cloudlet_to_valve,4720.0005,5000,8
419,LINK,2,0,water_pipe_control,6.0,cloudlet_to_cloud,4720.0005,20000000,9
422,LINK,3,10,water_pipe_control,10.00025,cloudlet_to_valve,4720.0005,5000,10
422,LINK,3,0,water_pipe_control,6.0,cloudlet_to_cloud,4720.0005,20000000,11
417,LINK,1,4,water_pipe_control,10.00025,cloudlet_to_valve,4725.0005,5000,9
417,LINK,1,0,water_pipe_control,6.0,cloudlet_to_cloud,4725.0005,20000000,10
420,LINK,2,7,water_pipe_control,10.00025,cloudlet_to_valve,4725.0005,5000,11
420,LINK,2,0,water_pipe_control,6.0,cloudlet_to_cloud,4725.0005,20000000,12
423,LINK,3,10,water_pipe_control,10.00025,cloudlet_to_valve,4725.0005,5000,13
423,LINK,3,0,water_pipe_control,6.0,cloudlet_to_cloud,4725.0005,20000000,14
424,LINK,4,1,water_pipe_control,10.0005,sensor_to_cloudlet,4800,10000,0
425,LINK,5,1,water_pipe_control,10.0005,sensor_to_cloudlet,4800,10000,1
426,LINK,6,1,water_pipe_control,10.0005,sensor_to_cloudlet,4800,10000,2
427,LINK,7,2,water_pipe_control,10.0005,sensor_to_cloudlet,4800,10000,3
428,LINK,8,2,water_pipe_control,10.0005,sensor_to_cloudlet,4800,10000,4
429,LINK,9,2,water_pipe_control,10.0005,sensor_to_cloudlet,4800,10000,5
430,LINK,10,3,water_pipe_control,10.0005,sensor_to_cloudlet,4800,10000,6
431,LINK,11,3,water_pipe_control,10.0005,sensor_to_cloudlet,4800,10000,7
432,LINK,12,3,water_pipe_control,10.0005,sensor_to_cloudlet,4800,10000,8
424,LINK,1,4,water_pipe_control,10.00025,cloudlet_to_valve,4815.0005,5000,0
424,LINK,1,0,water_pipe_control,6.0,cloudlet_to_cloud,4815.0005,20000000,1
427,LINK,2,7,water_pipe_control,10.00025,cloudlet_to_valve,4815.0005,5000,2
427,LINK,2,0,water_pipe_control,6.0,cloudlet_to_cloud,4815.0005,20000000,3
430,LINK,3,10,water_pipe_control,10.00025,cloudlet_to_valve,4815.0005,5000,4
430,LINK,3,0,water_pipe_control,6.0,cloudlet_to_cloud,4815.0005,20000000,5
425,LINK,1,4,water_pipe_control,10.00025,cloudlet_to_valve,4820.0005,5000,6
425,LINK,1,0,water_pipe_control,6.0,cloudlet_to_cloud,4820.0005,20000000,7
428,LINK,2,7,water_pipe_control,10.00025,cloudlet_to_valve,4820.0005,5000,8
428,LINK,2,0,water_pipe_control,6.0,cloudlet_to_cloud,4820.0005,20000000,9
431,LINK,3,10,water_pipe_control,10.00025,cloudlet_to_valve,4820.0005,5000,10
431,LINK,3,0,water_pipe_control,6.0,cloudlet_to_cloud,4820.0005,20000000,11
426,LINK,1,4,water_pipe_control,10.00025,cloudlet_to_valve,4825.0005,5000,9
426,LINK,1,0,water_pipe_control,6.0,cloudlet_to_cloud,4825.0005,20000000,10
429,LINK,2,7,water_pipe_control,10.00025,cloudlet_to_valve,4825.0005,5000,11
429,LINK,2,0,water_pipe_control,6.0,cloudlet_to_cloud,4825.0005,20000000,12
432,LINK,3,10,water_pipe_control,10.00025,cloudlet_to_valve,4825.0005,5000,13
432,LINK,3,0,water_pipe_control,6.0,cloudlet_to_cloud,4825.0005,20000000,14
433,LINK,4,1,water_pipe_control,10.0005,sensor_to_cloudlet,4900,10000,0
434,LINK,5,1,water_pipe_control,10.0005,sensor_to_cloudlet,4900,10000,1
435,LINK,6,1,water_pipe_control,10.0005,sensor_to_cloudlet,4900,10000,2
436,LINK,7,2,water_pipe_control,10.0005,sensor_to_cloudlet,4900,10000,3
437,LINK,8,2,water_pipe_control,10.0005,sensor_to_cloudlet,4900,10000,4
438,LINK,9,2,water_pipe_control,10.0005,sensor_to_cloudlet,4900,10000,5
439,LINK,10,3,water_pipe_control,10.0005,sensor_to_cloudlet,4900,10000,6
440,LINK,11,3,water_pipe_control,10.0005,sensor_to_cloudlet,4900,10000,7
441,LINK,12,3,water_pipe_control,10.0005,sensor_to_cloudlet,4900,10000,8
433,LINK,1,4,water_pipe_control,10.00025,cloudlet_to_valve,4915.0005,5000,0
433,LINK,1,0,water_pipe_control,6.0,cloudlet_to_cloud,4915.0005,20000000,1
436,LINK,2,7,water_pipe_control,10.00025,cloudlet_to_valve,4915.0005,5000,2
436,LINK,2,0,water_pipe_control,6.0,cloudlet_to_cloud,4915.0005,20000000,3
439,LINK,3,10,water_pipe_control,10.00025,cloudlet_to_valve,4915.0005,5000,4
439,LINK,3,0,water_pipe_control,6.0,cloudlet_to_cloud,4915.0005,20000000,5
434,LINK,1,4,water_pipe_control,10.00025,cloudlet_to_valve,4920.0005,5000,6
434,LINK,1,0,water_pipe_control,6.0,cloudlet_to_cloud,4920.0005,20000000,7
437,LINK,2,7,water_pipe_control,10.00025,cloudlet_to_valve,4920.0005,5000,8
437,LINK,2,0,water_pipe_control,6.0,cloudlet_to_cloud,4920.0005,20000000,9
440,LINK,3,10,water_pipe_control,10.00025,cloudlet_to_valve,4920.0005,5000,10
440,LINK,3,0,water_pipe_control,6.0,cloudlet_to_cloud,4920.0005,20000000,11
435,LINK,1,4,water_pipe_control,10.00025,cloudlet_to_valve,4925.0005,5000,9
435,LINK,1,0,water_pipe_control,6.0,cloudlet_to_cloud,4925.0005,20000000,10
438,LINK,2,7,water_pipe_control,10.00025,cloudlet_to_valve,4925.0005,5000,11
438,LINK,2,0,water_pipe_control,6.0,cloudlet_to_cloud,4925.0005,20000000,12
441,LINK,3,10,water_pipe_control,10.00025,cloudlet_to_valve,4925.0005,5000,13
441,LINK,3,0,water_pipe_control,6.0,cloudlet_to_cloud,4925.0005,20000000,14
